"filename", "language", "Properties", "Markdown", "MS SQL", "JSON", "JavaScript", "Rust", "TypeScript", "JSON with Comments", "CSS", "HTML", "XML", "comment", "blank", "total"
"c:\Users\moufa\Desktop\PoS_Patisserie\.env", "Properties", 1, 0, 0, 0, 0, 0, 0, 0, 0, 0, 0, 7, 3, 11
"c:\Users\moufa\Desktop\PoS_Patisserie\README.md", "Markdown", 0, 253, 0, 0, 0, 0, 0, 0, 0, 0, 0, 0, 74, 327
"c:\Users\moufa\Desktop\PoS_Patisserie\client\.postcssrc.json", "JSON", 0, 0, 0, 5, 0, 0, 0, 0, 0, 0, 0, 0, 0, 5
"c:\Users\moufa\Desktop\PoS_Patisserie\client\README.md", "Markdown", 0, 36, 0, 0, 0, 0, 0, 0, 0, 0, 0, 0, 24, 60
"c:\Users\moufa\Desktop\PoS_Patisserie\client\angular.json", "JSON", 0, 0, 0, 112, 0, 0, 0, 0, 0, 0, 0, 0, 1, 113
"c:\Users\moufa\Desktop\PoS_Patisserie\client\package-lock.json", "JSON", 0, 0, 0, 16606, 0, 0, 0, 0, 0, 0, 0, 0, 1, 16607
"c:\Users\moufa\Desktop\PoS_Patisserie\client\package.json", "JSON", 0, 0, 0, 58, 0, 0, 0, 0, 0, 0, 0, 0, 1, 59
"c:\Users\moufa\Desktop\PoS_Patisserie\client\playwright.config.ts", "TypeScript", 0, 0, 0, 0, 0, 0, 40, 0, 0, 0, 0, 0, 3, 43
"c:\Users\moufa\Desktop\PoS_Patisserie\client\postcss.config.js", "JavaScript", 0, 0, 0, 0, 7, 0, 0, 0, 0, 0, 0, 0, 0, 7
"c:\Users\moufa\Desktop\PoS_Patisserie\client\public\images\placeholder-product.svg", "XML", 0, 0, 0, 0, 0, 0, 0, 0, 0, 0, 6, 0, 1, 7
"c:\Users\moufa\Desktop\PoS_Patisserie\client\public\placeholder-product.svg", "XML", 0, 0, 0, 0, 0, 0, 0, 0, 0, 0, 6, 0, 1, 7
"c:\Users\moufa\Desktop\PoS_Patisserie\client\src\app\app-routing.module.ts", "TypeScript", 0, 0, 0, 0, 0, 0, 54, 0, 0, 0, 0, 0, 2, 56
"c:\Users\moufa\Desktop\PoS_Patisserie\client\src\app\app.component.css", "CSS", 0, 0, 0, 0, 0, 0, 0, 0, 0, 0, 0, 0, 1, 1
"c:\Users\moufa\Desktop\PoS_Patisserie\client\src\app\app.component.html", "HTML", 0, 0, 0, 0, 0, 0, 0, 0, 0, 3, 0, 0, 1, 4
"c:\Users\moufa\Desktop\PoS_Patisserie\client\src\app\app.component.ts", "TypeScript", 0, 0, 0, 0, 0, 0, 16, 0, 0, 0, 0, 1, 4, 21
"c:\Users\moufa\Desktop\PoS_Patisserie\client\src\app\app.config.ts", "TypeScript", 0, 0, 0, 0, 0, 0, 15, 0, 0, 0, 0, 0, 3, 18
"c:\Users\moufa\Desktop\PoS_Patisserie\client\src\app\app.routes.ts", "TypeScript", 0, 0, 0, 0, 0, 0, 114, 0, 0, 0, 0, 0, 2, 116
"c:\Users\moufa\Desktop\PoS_Patisserie\client\src\app\approvals\approvals-history.component.html", "HTML", 0, 0, 0, 0, 0, 0, 0, 0, 0, 147, 0, 5, 8, 160
"c:\Users\moufa\Desktop\PoS_Patisserie\client\src\app\approvals\approvals-history.component.ts", "TypeScript", 0, 0, 0, 0, 0, 0, 197, 0, 0, 0, 0, 3, 22, 222
"c:\Users\moufa\Desktop\PoS_Patisserie\client\src\app\approvals\approvals-routing.module.ts", "TypeScript", 0, 0, 0, 0, 0, 0, 13, 0, 0, 0, 0, 0, 3, 16
"c:\Users\moufa\Desktop\PoS_Patisserie\client\src\app\approvals\approvals.component.html", "HTML", 0, 0, 0, 0, 0, 0, 0, 0, 0, 700, 0, 36, 41, 777
"c:\Users\moufa\Desktop\PoS_Patisserie\client\src\app\approvals\approvals.component.ts", "TypeScript", 0, 0, 0, 0, 0, 0, 614, 0, 0, 0, 0, 20, 59, 693
"c:\Users\moufa\Desktop\PoS_Patisserie\client\src\app\approvals\approvals.module.ts", "TypeScript", 0, 0, 0, 0, 0, 0, 15, 0, 0, 0, 0, 0, 3, 18
"c:\Users\moufa\Desktop\PoS_Patisserie\client\src\app\auth\auth-routing.module.ts", "TypeScript", 0, 0, 0, 0, 0, 0, 16, 0, 0, 0, 0, 0, 3, 19
"c:\Users\moufa\Desktop\PoS_Patisserie\client\src\app\auth\auth.module.ts", "TypeScript", 0, 0, 0, 0, 0, 0, 20, 0, 0, 0, 0, 0, 3, 23
"c:\Users\moufa\Desktop\PoS_Patisserie\client\src\app\auth\login\login.component.html", "HTML", 0, 0, 0, 0, 0, 0, 0, 0, 0, 252, 0, 22, 19, 293
"c:\Users\moufa\Desktop\PoS_Patisserie\client\src\app\auth\login\login.component.ts", "TypeScript", 0, 0, 0, 0, 0, 0, 271, 0, 0, 0, 0, 28, 53, 352
"c:\Users\moufa\Desktop\PoS_Patisserie\client\src\app\auth\unauthorized\unauthorized.component.ts", "TypeScript", 0, 0, 0, 0, 0, 0, 89, 0, 0, 0, 0, 1, 13, 103
"c:\Users\moufa\Desktop\PoS_Patisserie\client\src\app\auth\users\users.component.html", "HTML", 0, 0, 0, 0, 0, 0, 0, 0, 0, 239, 0, 11, 18, 268
"c:\Users\moufa\Desktop\PoS_Patisserie\client\src\app\auth\users\users.component.ts", "TypeScript", 0, 0, 0, 0, 0, 0, 263, 0, 0, 0, 0, 9, 44, 316
"c:\Users\moufa\Desktop\PoS_Patisserie\client\src\app\caisse\caisse-routing.module.ts", "TypeScript", 0, 0, 0, 0, 0, 0, 11, 0, 0, 0, 0, 0, 3, 14
"c:\Users\moufa\Desktop\PoS_Patisserie\client\src\app\caisse\caisse.component.css", "CSS", 0, 0, 0, 0, 0, 0, 0, 0, 108, 0, 0, 7, 17, 132
"c:\Users\moufa\Desktop\PoS_Patisserie\client\src\app\caisse\caisse.component.html", "HTML", 0, 0, 0, 0, 0, 0, 0, 0, 0, 2792, 0, 213, 223, 3228
"c:\Users\moufa\Desktop\PoS_Patisserie\client\src\app\caisse\caisse.component.ts", "TypeScript", 0, 0, 0, 0, 0, 0, 4086, 0, 0, 0, 0, 404, 708, 5198
"c:\Users\moufa\Desktop\PoS_Patisserie\client\src\app\caisse\caisse.module.ts", "TypeScript", 0, 0, 0, 0, 0, 0, 18, 0, 0, 0, 0, 0, 3, 21
"c:\Users\moufa\Desktop\PoS_Patisserie\client\src\app\charges\charges-routing.module.ts", "TypeScript", 0, 0, 0, 0, 0, 0, 11, 0, 0, 0, 0, 0, 2, 13
"c:\Users\moufa\Desktop\PoS_Patisserie\client\src\app\charges\charges.component.html", "HTML", 0, 0, 0, 0, 0, 0, 0, 0, 0, 788, 0, 39, 55, 882
"c:\Users\moufa\Desktop\PoS_Patisserie\client\src\app\charges\charges.component.ts", "TypeScript", 0, 0, 0, 0, 0, 0, 629, 0, 0, 0, 0, 15, 91, 735
"c:\Users\moufa\Desktop\PoS_Patisserie\client\src\app\charges\charges.module.ts", "TypeScript", 0, 0, 0, 0, 0, 0, 16, 0, 0, 0, 0, 0, 2, 18
"c:\Users\moufa\Desktop\PoS_Patisserie\client\src\app\client-gros\client-gros-routing.module.ts", "TypeScript", 0, 0, 0, 0, 0, 0, 11, 0, 0, 0, 0, 0, 3, 14
"c:\Users\moufa\Desktop\PoS_Patisserie\client\src\app\client-gros\client-gros.component.css", "CSS", 0, 0, 0, 0, 0, 0, 0, 0, 52, 0, 0, 4, 7, 63
"c:\Users\moufa\Desktop\PoS_Patisserie\client\src\app\client-gros\client-gros.component.html", "HTML", 0, 0, 0, 0, 0, 0, 0, 0, 0, 324, 0, 32, 30, 386
"c:\Users\moufa\Desktop\PoS_Patisserie\client\src\app\client-gros\client-gros.component.ts", "TypeScript", 0, 0, 0, 0, 0, 0, 407, 0, 0, 0, 0, 29, 74, 510
"c:\Users\moufa\Desktop\PoS_Patisserie\client\src\app\client-gros\client-gros.module.ts", "TypeScript", 0, 0, 0, 0, 0, 0, 20, 0, 0, 0, 0, 0, 3, 23
"c:\Users\moufa\Desktop\PoS_Patisserie\client\src\app\client-gros\customer-selection-dialog\customer-selection-dialog.component.html", "HTML", 0, 0, 0, 0, 0, 0, 0, 0, 0, 156, 0, 9, 9, 174
"c:\Users\moufa\Desktop\PoS_Patisserie\client\src\app\client-gros\customer-selection-dialog\customer-selection-dialog.component.ts", "TypeScript", 0, 0, 0, 0, 0, 0, 81, 0, 0, 0, 0, 0, 13, 94
"c:\Users\moufa\Desktop\PoS_Patisserie\client\src\app\client-payments\client-payments.component.html", "HTML", 0, 0, 0, 0, 0, 0, 0, 0, 0, 157, 0, 5, 12, 174
"c:\Users\moufa\Desktop\PoS_Patisserie\client\src\app\client-payments\client-payments.component.ts", "TypeScript", 0, 0, 0, 0, 0, 0, 148, 0, 0, 0, 0, 2, 23, 173
"c:\Users\moufa\Desktop\PoS_Patisserie\client\src\app\client-payments\client-payments.module.ts", "TypeScript", 0, 0, 0, 0, 0, 0, 16, 0, 0, 0, 0, 0, 3, 19
"c:\Users\moufa\Desktop\PoS_Patisserie\client\src\app\client-statement\client-statement.component.html", "HTML", 0, 0, 0, 0, 0, 0, 0, 0, 0, 257, 0, 7, 14, 278
"c:\Users\moufa\Desktop\PoS_Patisserie\client\src\app\client-statement\client-statement.component.ts", "TypeScript", 0, 0, 0, 0, 0, 0, 394, 0, 0, 0, 0, 10, 58, 462
"c:\Users\moufa\Desktop\PoS_Patisserie\client\src\app\client-statement\client-statement.module.ts", "TypeScript", 0, 0, 0, 0, 0, 0, 16, 0, 0, 0, 0, 0, 3, 19
"c:\Users\moufa\Desktop\PoS_Patisserie\client\src\app\clients\clients-routing.module.ts", "TypeScript", 0, 0, 0, 0, 0, 0, 11, 0, 0, 0, 0, 0, 2, 13
"c:\Users\moufa\Desktop\PoS_Patisserie\client\src\app\clients\clients.component.html", "HTML", 0, 0, 0, 0, 0, 0, 0, 0, 0, 754, 0, 28, 51, 833
"c:\Users\moufa\Desktop\PoS_Patisserie\client\src\app\clients\clients.component.ts", "TypeScript", 0, 0, 0, 0, 0, 0, 298, 0, 0, 0, 0, 9, 43, 350
"c:\Users\moufa\Desktop\PoS_Patisserie\client\src\app\clients\clients.module.ts", "TypeScript", 0, 0, 0, 0, 0, 0, 14, 0, 0, 0, 0, 0, 2, 16
"c:\Users\moufa\Desktop\PoS_Patisserie\client\src\app\cloture\cloture-routing.module.ts", "TypeScript", 0, 0, 0, 0, 0, 0, 13, 0, 0, 0, 0, 0, 3, 16
"c:\Users\moufa\Desktop\PoS_Patisserie\client\src\app\cloture\cloture.component.html", "HTML", 0, 0, 0, 0, 0, 0, 0, 0, 0, 566, 0, 31, 36, 633
"c:\Users\moufa\Desktop\PoS_Patisserie\client\src\app\cloture\cloture.component.ts", "TypeScript", 0, 0, 0, 0, 0, 0, 462, 0, 0, 0, 0, 45, 69, 576
"c:\Users\moufa\Desktop\PoS_Patisserie\client\src\app\cloture\cloture.module.ts", "TypeScript", 0, 0, 0, 0, 0, 0, 14, 0, 0, 0, 0, 0, 3, 17
"c:\Users\moufa\Desktop\PoS_Patisserie\client\src\app\cloture\historique\historique.component.html", "HTML", 0, 0, 0, 0, 0, 0, 0, 0, 0, 468, 0, 15, 21, 504
"c:\Users\moufa\Desktop\PoS_Patisserie\client\src\app\cloture\historique\historique.component.ts", "TypeScript", 0, 0, 0, 0, 0, 0, 210, 0, 0, 0, 0, 11, 34, 255
"c:\Users\moufa\Desktop\PoS_Patisserie\client\src\app\core\core.module.ts", "TypeScript", 0, 0, 0, 0, 0, 0, 9, 0, 0, 0, 0, 0, 4, 13
"c:\Users\moufa\Desktop\PoS_Patisserie\client\src\app\core\guards\auth.guard.ts", "TypeScript", 0, 0, 0, 0, 0, 0, 13, 0, 0, 0, 0, 0, 3, 16
"c:\Users\moufa\Desktop\PoS_Patisserie\client\src\app\core\guards\role.guard.ts", "TypeScript", 0, 0, 0, 0, 0, 0, 31, 0, 0, 0, 0, 0, 6, 37
"c:\Users\moufa\Desktop\PoS_Patisserie\client\src\app\core\interceptors\auth.interceptor.ts", "TypeScript", 0, 0, 0, 0, 0, 0, 30, 0, 0, 0, 0, 1, 3, 34
"c:\Users\moufa\Desktop\PoS_Patisserie\client\src\app\core\models\client.model.ts", "TypeScript", 0, 0, 0, 0, 0, 0, 72, 0, 0, 0, 0, 0, 4, 76
"c:\Users\moufa\Desktop\PoS_Patisserie\client\src\app\core\models\depot.model.ts", "TypeScript", 0, 0, 0, 0, 0, 0, 45, 0, 0, 0, 0, 0, 5, 50
"c:\Users\moufa\Desktop\PoS_Patisserie\client\src\app\core\models\driver.model.ts", "TypeScript", 0, 0, 0, 0, 0, 0, 44, 0, 0, 0, 0, 0, 4, 48
"c:\Users\moufa\Desktop\PoS_Patisserie\client\src\app\core\models\inventory.model.ts", "TypeScript", 0, 0, 0, 0, 0, 0, 113, 0, 0, 0, 0, 0, 8, 121
"c:\Users\moufa\Desktop\PoS_Patisserie\client\src\app\core\models\product-family.model.ts", "TypeScript", 0, 0, 0, 0, 0, 0, 69, 0, 0, 0, 0, 0, 5, 74
"c:\Users\moufa\Desktop\PoS_Patisserie\client\src\app\core\models\product.model.ts", "TypeScript", 0, 0, 0, 0, 0, 0, 141, 0, 0, 0, 0, 4, 9, 154
"c:\Users\moufa\Desktop\PoS_Patisserie\client\src\app\core\models\produit-de-caisse.model.ts", "TypeScript", 0, 0, 0, 0, 0, 0, 30, 0, 0, 0, 0, 0, 3, 33
"c:\Users\moufa\Desktop\PoS_Patisserie\client\src\app\core\models\sale.model.ts", "TypeScript", 0, 0, 0, 0, 0, 0, 61, 0, 0, 0, 0, 5, 4, 70
"c:\Users\moufa\Desktop\PoS_Patisserie\client\src\app\core\models\session.model.ts", "TypeScript", 0, 0, 0, 0, 0, 0, 96, 0, 0, 0, 0, 0, 11, 107
"c:\Users\moufa\Desktop\PoS_Patisserie\client\src\app\core\models\stock-document.model.ts", "TypeScript", 0, 0, 0, 0, 0, 0, 105, 0, 0, 0, 0, 0, 13, 118
"c:\Users\moufa\Desktop\PoS_Patisserie\client\src\app\core\models\supplier.model.ts", "TypeScript", 0, 0, 0, 0, 0, 0, 111, 0, 0, 0, 0, 0, 8, 119
"c:\Users\moufa\Desktop\PoS_Patisserie\client\src\app\core\models\user.model.ts", "TypeScript", 0, 0, 0, 0, 0, 0, 32, 0, 0, 0, 0, 0, 4, 36
"c:\Users\moufa\Desktop\PoS_Patisserie\client\src\app\core\models\vehicle.model.ts", "TypeScript", 0, 0, 0, 0, 0, 0, 37, 0, 0, 0, 0, 0, 6, 43
"c:\Users\moufa\Desktop\PoS_Patisserie\client\src\app\core\services\approvals.service.ts", "TypeScript", 0, 0, 0, 0, 0, 0, 44, 0, 0, 0, 0, 0, 10, 54
"c:\Users\moufa\Desktop\PoS_Patisserie\client\src\app\core\services\attendance.service.ts", "TypeScript", 0, 0, 0, 0, 0, 0, 45, 0, 0, 0, 0, 0, 11, 56
"c:\Users\moufa\Desktop\PoS_Patisserie\client\src\app\core\services\auth.service.ts", "TypeScript", 0, 0, 0, 0, 0, 0, 76, 0, 0, 0, 0, 21, 15, 112
"c:\Users\moufa\Desktop\PoS_Patisserie\client\src\app\core\services\base-api.service.ts", "TypeScript", 0, 0, 0, 0, 0, 0, 27, 0, 0, 0, 0, 0, 4, 31
"c:\Users\moufa\Desktop\PoS_Patisserie\client\src\app\core\services\clients.service.ts", "TypeScript", 0, 0, 0, 0, 0, 0, 61, 0, 0, 0, 0, 0, 13, 74
"c:\Users\moufa\Desktop\PoS_Patisserie\client\src\app\core\services\daily-extract.service.ts", "TypeScript", 0, 0, 0, 0, 0, 0, 78, 0, 0, 0, 0, 2, 13, 93
"c:\Users\moufa\Desktop\PoS_Patisserie\client\src\app\core\services\depots.service.ts", "TypeScript", 0, 0, 0, 0, 0, 0, 38, 0, 0, 0, 0, 0, 7, 45
"c:\Users\moufa\Desktop\PoS_Patisserie\client\src\app\core\services\drag-drop.service.ts", "TypeScript", 0, 0, 0, 0, 0, 0, 220, 0, 0, 0, 0, 43, 56, 319
"c:\Users\moufa\Desktop\PoS_Patisserie\client\src\app\core\services\drivers.service.ts", "TypeScript", 0, 0, 0, 0, 0, 0, 34, 0, 0, 0, 0, 0, 8, 42
"c:\Users\moufa\Desktop\PoS_Patisserie\client\src\app\core\services\enterprise.service.ts", "TypeScript", 0, 0, 0, 0, 0, 0, 73, 0, 0, 0, 0, 0, 16, 89
"c:\Users\moufa\Desktop\PoS_Patisserie\client\src\app\core\services\expense.service.ts", "TypeScript", 0, 0, 0, 0, 0, 0, 113, 0, 0, 0, 0, 0, 17, 130
"c:\Users\moufa\Desktop\PoS_Patisserie\client\src\app\core\services\families.service.ts", "TypeScript", 0, 0, 0, 0, 0, 0, 35, 0, 0, 0, 0, 0, 11, 46
"c:\Users\moufa\Desktop\PoS_Patisserie\client\src\app\core\services\image-preload.service.ts", "TypeScript", 0, 0, 0, 0, 0, 0, 71, 0, 0, 0, 0, 21, 21, 113
"c:\Users\moufa\Desktop\PoS_Patisserie\client\src\app\core\services\inventory.service.ts", "TypeScript", 0, 0, 0, 0, 0, 0, 155, 0, 0, 0, 0, 10, 17, 182
"c:\Users\moufa\Desktop\PoS_Patisserie\client\src\app\core\services\login-theme.service.ts", "TypeScript", 0, 0, 0, 0, 0, 0, 71, 0, 0, 0, 0, 0, 9, 80
"c:\Users\moufa\Desktop\PoS_Patisserie\client\src\app\core\services\offline.service.ts", "TypeScript", 0, 0, 0, 0, 0, 0, 116, 0, 0, 0, 0, 0, 23, 139
"c:\Users\moufa\Desktop\PoS_Patisserie\client\src\app\core\services\pdf-parser.service.ts", "TypeScript", 0, 0, 0, 0, 0, 0, 288, 0, 0, 0, 0, 41, 41, 370
"c:\Users\moufa\Desktop\PoS_Patisserie\client\src\app\core\services\print.service.ts", "TypeScript", 0, 0, 0, 0, 0, 0, 673, 0, 0, 0, 0, 76, 124, 873
"c:\Users\moufa\Desktop\PoS_Patisserie\client\src\app\core\services\products.service.ts", "TypeScript", 0, 0, 0, 0, 0, 0, 92, 0, 0, 0, 0, 2, 23, 117
"c:\Users\moufa\Desktop\PoS_Patisserie\client\src\app\core\services\produits-de-caisse.service.ts", "TypeScript", 0, 0, 0, 0, 0, 0, 30, 0, 0, 0, 0, 0, 8, 38
"c:\Users\moufa\Desktop\PoS_Patisserie\client\src\app\core\services\reports.service.ts", "TypeScript", 0, 0, 0, 0, 0, 0, 32, 0, 0, 0, 0, 0, 9, 41
"c:\Users\moufa\Desktop\PoS_Patisserie\client\src\app\core\services\returns.service.ts", "TypeScript", 0, 0, 0, 0, 0, 0, 76, 0, 0, 0, 0, 0, 15, 91
"c:\Users\moufa\Desktop\PoS_Patisserie\client\src\app\core\services\sales.service.ts", "TypeScript", 0, 0, 0, 0, 0, 0, 121, 0, 0, 0, 0, 4, 16, 141
"c:\Users\moufa\Desktop\PoS_Patisserie\client\src\app\core\services\sessions.service.ts", "TypeScript", 0, 0, 0, 0, 0, 0, 263, 0, 0, 0, 0, 17, 37, 317
"c:\Users\moufa\Desktop\PoS_Patisserie\client\src\app\core\services\settings.service.ts", "TypeScript", 0, 0, 0, 0, 0, 0, 75, 0, 0, 0, 0, 10, 8, 93
"c:\Users\moufa\Desktop\PoS_Patisserie\client\src\app\core\services\socket.service.ts", "TypeScript", 0, 0, 0, 0, 0, 0, 96, 0, 0, 0, 0, 0, 24, 120
"c:\Users\moufa\Desktop\PoS_Patisserie\client\src\app\core\services\stock-documents.service.ts", "TypeScript", 0, 0, 0, 0, 0, 0, 100, 0, 0, 0, 0, 0, 17, 117
"c:\Users\moufa\Desktop\PoS_Patisserie\client\src\app\core\services\supplier.service.ts", "TypeScript", 0, 0, 0, 0, 0, 0, 82, 0, 0, 0, 0, 2, 20, 104
"c:\Users\moufa\Desktop\PoS_Patisserie\client\src\app\core\services\transfer.service.ts", "TypeScript", 0, 0, 0, 0, 0, 0, 47, 0, 0, 0, 0, 0, 8, 55
"c:\Users\moufa\Desktop\PoS_Patisserie\client\src\app\core\services\users.service.ts", "TypeScript", 0, 0, 0, 0, 0, 0, 81, 0, 0, 0, 0, 0, 15, 96
"c:\Users\moufa\Desktop\PoS_Patisserie\client\src\app\core\services\vehicles.service.ts", "TypeScript", 0, 0, 0, 0, 0, 0, 65, 0, 0, 0, 0, 2, 16, 83
"c:\Users\moufa\Desktop\PoS_Patisserie\client\src\app\core\services\wholesale-rules.service.ts", "TypeScript", 0, 0, 0, 0, 0, 0, 68, 0, 0, 0, 0, 0, 13, 81
"c:\Users\moufa\Desktop\PoS_Patisserie\client\src\app\enterprise\assign-depot\assign-depot.component.ts", "TypeScript", 0, 0, 0, 0, 0, 0, 192, 0, 0, 0, 0, 0, 20, 212
"c:\Users\moufa\Desktop\PoS_Patisserie\client\src\app\enterprise\companies-list\companies-list.component.ts", "TypeScript", 0, 0, 0, 0, 0, 0, 283, 0, 0, 0, 0, 0, 25, 308
"c:\Users\moufa\Desktop\PoS_Patisserie\client\src\app\enterprise\company-detail\company-detail.component.ts", "TypeScript", 0, 0, 0, 0, 0, 0, 221, 0, 0, 0, 0, 0, 20, 241
"c:\Users\moufa\Desktop\PoS_Patisserie\client\src\app\enterprise\company-editor\company-editor-routing.module.ts", "TypeScript", 0, 0, 0, 0, 0, 0, 11, 0, 0, 0, 0, 2, 5, 18
"c:\Users\moufa\Desktop\PoS_Patisserie\client\src\app\enterprise\company-editor\company-editor.module.ts", "TypeScript", 0, 0, 0, 0, 0, 0, 11, 0, 0, 0, 0, 0, 7, 18
"c:\Users\moufa\Desktop\PoS_Patisserie\client\src\app\enterprise\depot-editor\depot-editor-routing.module.ts", "TypeScript", 0, 0, 0, 0, 0, 0, 11, 0, 0, 0, 0, 0, 8, 19
"c:\Users\moufa\Desktop\PoS_Patisserie\client\src\app\enterprise\depot-editor\depot-editor.component.ts", "TypeScript", 0, 0, 0, 0, 0, 0, 160, 0, 0, 0, 0, 0, 13, 173
"c:\Users\moufa\Desktop\PoS_Patisserie\client\src\app\enterprise\depot-editor\depot-editor.module.ts", "TypeScript", 0, 0, 0, 0, 0, 0, 11, 0, 0, 0, 0, 0, 7, 18
"c:\Users\moufa\Desktop\PoS_Patisserie\client\src\app\enterprise\depots-shops\depots-shops.component.ts", "TypeScript", 0, 0, 0, 0, 0, 0, 190, 0, 0, 0, 0, 0, 17, 207
"c:\Users\moufa\Desktop\PoS_Patisserie\client\src\app\enterprise\enterprise-routing.module.ts", "TypeScript", 0, 0, 0, 0, 0, 0, 37, 0, 0, 0, 0, 0, 3, 40
"c:\Users\moufa\Desktop\PoS_Patisserie\client\src\app\enterprise\enterprise.component.ts", "TypeScript", 0, 0, 0, 0, 0, 0, 33, 0, 0, 0, 0, 0, 5, 38
"c:\Users\moufa\Desktop\PoS_Patisserie\client\src\app\enterprise\enterprise.module.ts", "TypeScript", 0, 0, 0, 0, 0, 0, 27, 0, 0, 0, 0, 0, 3, 30
"c:\Users\moufa\Desktop\PoS_Patisserie\client\src\app\enterprise\new-company\new-company.component.ts", "TypeScript", 0, 0, 0, 0, 0, 0, 471, 0, 0, 0, 0, 4, 33, 508
"c:\Users\moufa\Desktop\PoS_Patisserie\client\src\app\historique\historique-routing.module.ts", "TypeScript", 0, 0, 0, 0, 0, 0, 11, 0, 0, 0, 0, 0, 3, 14
"c:\Users\moufa\Desktop\PoS_Patisserie\client\src\app\historique\historique.component.html", "HTML", 0, 0, 0, 0, 0, 0, 0, 0, 0, 562, 0, 35, 35, 632
"c:\Users\moufa\Desktop\PoS_Patisserie\client\src\app\historique\historique.component.ts", "TypeScript", 0, 0, 0, 0, 0, 0, 693, 0, 0, 0, 0, 36, 113, 842
"c:\Users\moufa\Desktop\PoS_Patisserie\client\src\app\historique\historique.module.ts", "TypeScript", 0, 0, 0, 0, 0, 0, 14, 0, 0, 0, 0, 0, 3, 17
"c:\Users\moufa\Desktop\PoS_Patisserie\client\src\app\home\cash-statement\cash-statement.component.html", "HTML", 0, 0, 0, 0, 0, 0, 0, 0, 0, 258, 0, 6, 13, 277
"c:\Users\moufa\Desktop\PoS_Patisserie\client\src\app\home\cash-statement\cash-statement.component.ts", "TypeScript", 0, 0, 0, 0, 0, 0, 252, 0, 0, 0, 0, 4, 35, 291
"c:\Users\moufa\Desktop\PoS_Patisserie\client\src\app\home\client-statement\client-statement.component.html", "HTML", 0, 0, 0, 0, 0, 0, 0, 0, 0, 244, 0, 6, 13, 263
"c:\Users\moufa\Desktop\PoS_Patisserie\client\src\app\home\client-statement\client-statement.component.ts", "TypeScript", 0, 0, 0, 0, 0, 0, 222, 0, 0, 0, 0, 6, 37, 265
"c:\Users\moufa\Desktop\PoS_Patisserie\client\src\app\home\financiere\financiere.component.html", "HTML", 0, 0, 0, 0, 0, 0, 0, 0, 0, 102, 0, 7, 8, 117
"c:\Users\moufa\Desktop\PoS_Patisserie\client\src\app\home\financiere\financiere.component.ts", "TypeScript", 0, 0, 0, 0, 0, 0, 7, 0, 0, 0, 0, 0, 4, 11
"c:\Users\moufa\Desktop\PoS_Patisserie\client\src\app\home\home-routing.module.ts", "TypeScript", 0, 0, 0, 0, 0, 0, 17, 0, 0, 0, 0, 0, 2, 19
"c:\Users\moufa\Desktop\PoS_Patisserie\client\src\app\home\home.component.html", "HTML", 0, 0, 0, 0, 0, 0, 0, 0, 0, 320, 0, 60, 64, 444
"c:\Users\moufa\Desktop\PoS_Patisserie\client\src\app\home\home.component.ts", "TypeScript", 0, 0, 0, 0, 0, 0, 471, 0, 0, 0, 0, 25, 57, 553
"c:\Users\moufa\Desktop\PoS_Patisserie\client\src\app\home\home.module.ts", "TypeScript", 0, 0, 0, 0, 0, 0, 32, 0, 0, 0, 0, 0, 2, 34
"c:\Users\moufa\Desktop\PoS_Patisserie\client\src\app\inventory\count\count.component.css", "CSS", 0, 0, 0, 0, 0, 0, 0, 0, 44, 0, 0, 4, 7, 55
"c:\Users\moufa\Desktop\PoS_Patisserie\client\src\app\inventory\count\count.component.html", "HTML", 0, 0, 0, 0, 0, 0, 0, 0, 0, 279, 0, 29, 30, 338
"c:\Users\moufa\Desktop\PoS_Patisserie\client\src\app\inventory\count\count.component.ts", "TypeScript", 0, 0, 0, 0, 0, 0, 651, 0, 0, 0, 0, 50, 112, 813
"c:\Users\moufa\Desktop\PoS_Patisserie\client\src\app\inventory\inventory-routing.module.ts", "TypeScript", 0, 0, 0, 0, 0, 0, 17, 0, 0, 0, 0, 0, 3, 20
"c:\Users\moufa\Desktop\PoS_Patisserie\client\src\app\inventory\inventory.component.html", "HTML", 0, 0, 0, 0, 0, 0, 0, 0, 0, 221, 0, 7, 13, 241
"c:\Users\moufa\Desktop\PoS_Patisserie\client\src\app\inventory\inventory.component.ts", "TypeScript", 0, 0, 0, 0, 0, 0, 167, 0, 0, 0, 0, 0, 27, 194
"c:\Users\moufa\Desktop\PoS_Patisserie\client\src\app\inventory\inventory.module.ts", "TypeScript", 0, 0, 0, 0, 0, 0, 24, 0, 0, 0, 0, 0, 4, 28
"c:\Users\moufa\Desktop\PoS_Patisserie\client\src\app\inventory\review\review.component.css", "CSS", 0, 0, 0, 0, 0, 0, 0, 0, 375, 0, 0, 8, 67, 450
"c:\Users\moufa\Desktop\PoS_Patisserie\client\src\app\inventory\review\review.component.html", "HTML", 0, 0, 0, 0, 0, 0, 0, 0, 0, 193, 0, 7, 22, 222
"c:\Users\moufa\Desktop\PoS_Patisserie\client\src\app\inventory\review\review.component.ts", "TypeScript", 0, 0, 0, 0, 0, 0, 281, 0, 0, 0, 0, 9, 39, 329
"c:\Users\moufa\Desktop\PoS_Patisserie\client\src\app\inventory\summary\summary.component.html", "HTML", 0, 0, 0, 0, 0, 0, 0, 0, 0, 288, 0, 8, 31, 327
"c:\Users\moufa\Desktop\PoS_Patisserie\client\src\app\inventory\summary\summary.component.ts", "TypeScript", 0, 0, 0, 0, 0, 0, 267, 0, 0, 0, 0, 7, 38, 312
"c:\Users\moufa\Desktop\PoS_Patisserie\client\src\app\invoices\invoices-routing.module.ts", "TypeScript", 0, 0, 0, 0, 0, 0, 11, 0, 0, 0, 0, 0, 3, 14
"c:\Users\moufa\Desktop\PoS_Patisserie\client\src\app\invoices\invoices.component.css", "CSS", 0, 0, 0, 0, 0, 0, 0, 0, 148, 0, 0, 5, 29, 182
"c:\Users\moufa\Desktop\PoS_Patisserie\client\src\app\invoices\invoices.component.html", "HTML", 0, 0, 0, 0, 0, 0, 0, 0, 0, 623, 0, 58, 60, 741
"c:\Users\moufa\Desktop\PoS_Patisserie\client\src\app\invoices\invoices.component.ts", "TypeScript", 0, 0, 0, 0, 0, 0, 856, 0, 0, 0, 0, 48, 111, 1015
"c:\Users\moufa\Desktop\PoS_Patisserie\client\src\app\invoices\invoices.module.ts", "TypeScript", 0, 0, 0, 0, 0, 0, 16, 0, 0, 0, 0, 0, 3, 19
"c:\Users\moufa\Desktop\PoS_Patisserie\client\src\app\parametres\parametres-routing.module.ts", "TypeScript", 0, 0, 0, 0, 0, 0, 22, 0, 0, 0, 0, 0, 3, 25
"c:\Users\moufa\Desktop\PoS_Patisserie\client\src\app\parametres\parametres.component.html", "HTML", 0, 0, 0, 0, 0, 0, 0, 0, 0, 317, 0, 22, 27, 366
"c:\Users\moufa\Desktop\PoS_Patisserie\client\src\app\parametres\parametres.component.ts", "TypeScript", 0, 0, 0, 0, 0, 0, 326, 0, 0, 0, 0, 23, 36, 385
"c:\Users\moufa\Desktop\PoS_Patisserie\client\src\app\parametres\parametres.module.ts", "TypeScript", 0, 0, 0, 0, 0, 0, 15, 0, 0, 0, 0, 0, 3, 18
"c:\Users\moufa\Desktop\PoS_Patisserie\client\src\app\parametres\sections\overview\parametres-overview.component.html", "HTML", 0, 0, 0, 0, 0, 0, 0, 0, 0, 96, 0, 0, 5, 101
"c:\Users\moufa\Desktop\PoS_Patisserie\client\src\app\parametres\sections\overview\parametres-overview.component.ts", "TypeScript", 0, 0, 0, 0, 0, 0, 13, 0, 0, 0, 0, 0, 5, 18
"c:\Users\moufa\Desktop\PoS_Patisserie\client\src\app\pointage\pointage-history.component.html", "HTML", 0, 0, 0, 0, 0, 0, 0, 0, 0, 100, 0, 5, 5, 110
"c:\Users\moufa\Desktop\PoS_Patisserie\client\src\app\pointage\pointage-history.component.ts", "TypeScript", 0, 0, 0, 0, 0, 0, 266, 0, 0, 0, 0, 12, 29, 307
"c:\Users\moufa\Desktop\PoS_Patisserie\client\src\app\pointage\pointage-routing.module.ts", "TypeScript", 0, 0, 0, 0, 0, 0, 11, 0, 0, 0, 0, 0, 5, 16
"c:\Users\moufa\Desktop\PoS_Patisserie\client\src\app\pointage\pointage.module.ts", "TypeScript", 0, 0, 0, 0, 0, 0, 12, 0, 0, 0, 0, 0, 4, 16
"c:\Users\moufa\Desktop\PoS_Patisserie\client\src\app\rapports\credit-sales\credit-sales.component.html", "HTML", 0, 0, 0, 0, 0, 0, 0, 0, 0, 296, 0, 14, 25, 335
"c:\Users\moufa\Desktop\PoS_Patisserie\client\src\app\rapports\credit-sales\credit-sales.component.ts", "TypeScript", 0, 0, 0, 0, 0, 0, 286, 0, 0, 0, 0, 6, 35, 327
"c:\Users\moufa\Desktop\PoS_Patisserie\client\src\app\rapports\credit-sales\credit-sales.module.ts", "TypeScript", 0, 0, 0, 0, 0, 0, 19, 0, 0, 0, 0, 0, 3, 22
"c:\Users\moufa\Desktop\PoS_Patisserie\client\src\app\rapports\daily-extract\daily-extract.component.html", "HTML", 0, 0, 0, 0, 0, 0, 0, 0, 0, 359, 0, 23, 27, 409
"c:\Users\moufa\Desktop\PoS_Patisserie\client\src\app\rapports\daily-extract\daily-extract.component.ts", "TypeScript", 0, 0, 0, 0, 0, 0, 544, 0, 0, 0, 0, 26, 74, 644
"c:\Users\moufa\Desktop\PoS_Patisserie\client\src\app\rapports\daily-extract\daily-extract.module.ts", "TypeScript", 0, 0, 0, 0, 0, 0, 25, 0, 0, 0, 0, 0, 3, 28
"c:\Users\moufa\Desktop\PoS_Patisserie\client\src\app\rapports\daily-monthly\daily-monthly.component.html", "HTML", 0, 0, 0, 0, 0, 0, 0, 0, 0, 186, 0, 13, 19, 218
"c:\Users\moufa\Desktop\PoS_Patisserie\client\src\app\rapports\daily-monthly\daily-monthly.component.ts", "TypeScript", 0, 0, 0, 0, 0, 0, 251, 0, 0, 0, 0, 6, 29, 286
"c:\Users\moufa\Desktop\PoS_Patisserie\client\src\app\rapports\daily-monthly\daily-monthly.module.ts", "TypeScript", 0, 0, 0, 0, 0, 0, 19, 0, 0, 0, 0, 0, 3, 22
"c:\Users\moufa\Desktop\PoS_Patisserie\client\src\app\rapports\dashboard\dashboard.component.html", "HTML", 0, 0, 0, 0, 0, 0, 0, 0, 0, 234, 0, 20, 18, 272
"c:\Users\moufa\Desktop\PoS_Patisserie\client\src\app\rapports\dashboard\dashboard.component.ts", "TypeScript", 0, 0, 0, 0, 0, 0, 393, 0, 0, 0, 0, 5, 51, 449
"c:\Users\moufa\Desktop\PoS_Patisserie\client\src\app\rapports\dashboard\dashboard.module.ts", "TypeScript", 0, 0, 0, 0, 0, 0, 17, 0, 0, 0, 0, 0, 3, 20
"c:\Users\moufa\Desktop\PoS_Patisserie\client\src\app\rapports\expenses\expenses.component.html", "HTML", 0, 0, 0, 0, 0, 0, 0, 0, 0, 233, 0, 15, 19, 267
"c:\Users\moufa\Desktop\PoS_Patisserie\client\src\app\rapports\expenses\expenses.component.ts", "TypeScript", 0, 0, 0, 0, 0, 0, 344, 0, 0, 0, 0, 3, 42, 389
"c:\Users\moufa\Desktop\PoS_Patisserie\client\src\app\rapports\expenses\expenses.module.ts", "TypeScript", 0, 0, 0, 0, 0, 0, 19, 0, 0, 0, 0, 0, 3, 22
"c:\Users\moufa\Desktop\PoS_Patisserie\client\src\app\rapports\finance\finance.component.html", "HTML", 0, 0, 0, 0, 0, 0, 0, 0, 0, 349, 0, 18, 25, 392
"c:\Users\moufa\Desktop\PoS_Patisserie\client\src\app\rapports\finance\finance.component.ts", "TypeScript", 0, 0, 0, 0, 0, 0, 253, 0, 0, 0, 0, 4, 32, 289
"c:\Users\moufa\Desktop\PoS_Patisserie\client\src\app\rapports\finance\finance.module.ts", "TypeScript", 0, 0, 0, 0, 0, 0, 19, 0, 0, 0, 0, 0, 3, 22
"c:\Users\moufa\Desktop\PoS_Patisserie\client\src\app\rapports\inventory-sales-reconciliation\inventory-sales-reconciliation.component.html", "HTML", 0, 0, 0, 0, 0, 0, 0, 0, 0, 508, 0, 32, 24, 564
"c:\Users\moufa\Desktop\PoS_Patisserie\client\src\app\rapports\inventory-sales-reconciliation\inventory-sales-reconciliation.component.ts", "TypeScript", 0, 0, 0, 0, 0, 0, 619, 0, 0, 0, 0, 75, 126, 820
"c:\Users\moufa\Desktop\PoS_Patisserie\client\src\app\rapports\inventory-sales-reconciliation\inventory-sales-reconciliation.module.ts", "TypeScript", 0, 0, 0, 0, 0, 0, 19, 0, 0, 0, 0, 0, 4, 23
"c:\Users\moufa\Desktop\PoS_Patisserie\client\src\app\rapports\invoice-extracts\invoice-extracts.component.html", "HTML", 0, 0, 0, 0, 0, 0, 0, 0, 0, 505, 0, 43, 43, 591
"c:\Users\moufa\Desktop\PoS_Patisserie\client\src\app\rapports\invoice-extracts\invoice-extracts.component.ts", "TypeScript", 0, 0, 0, 0, 0, 0, 937, 0, 0, 0, 0, 54, 135, 1126
"c:\Users\moufa\Desktop\PoS_Patisserie\client\src\app\rapports\invoice-extracts\invoice-extracts.module.ts", "TypeScript", 0, 0, 0, 0, 0, 0, 19, 0, 0, 0, 0, 0, 3, 22
"c:\Users\moufa\Desktop\PoS_Patisserie\client\src\app\rapports\rapports-routing.module.ts", "TypeScript", 0, 0, 0, 0, 0, 0, 47, 0, 0, 0, 0, 0, 3, 50
"c:\Users\moufa\Desktop\PoS_Patisserie\client\src\app\rapports\rapports.component.html", "HTML", 0, 0, 0, 0, 0, 0, 0, 0, 0, 142, 0, 10, 9, 161
"c:\Users\moufa\Desktop\PoS_Patisserie\client\src\app\rapports\rapports.component.ts", "TypeScript", 0, 0, 0, 0, 0, 0, 41, 0, 0, 0, 0, 1, 5, 47
"c:\Users\moufa\Desktop\PoS_Patisserie\client\src\app\rapports\rapports.module.ts", "TypeScript", 0, 0, 0, 0, 0, 0, 16, 0, 0, 0, 0, 0, 3, 19
"c:\Users\moufa\Desktop\PoS_Patisserie\client\src\app\rapports\sales-by-category\sales-by-category.component.html", "HTML", 0, 0, 0, 0, 0, 0, 0, 0, 0, 208, 0, 14, 21, 243
"c:\Users\moufa\Desktop\PoS_Patisserie\client\src\app\rapports\sales-by-category\sales-by-category.component.ts", "TypeScript", 0, 0, 0, 0, 0, 0, 274, 0, 0, 0, 0, 6, 36, 316
"c:\Users\moufa\Desktop\PoS_Patisserie\client\src\app\rapports\sales-by-category\sales-by-category.module.ts", "TypeScript", 0, 0, 0, 0, 0, 0, 19, 0, 0, 0, 0, 0, 3, 22
"c:\Users\moufa\Desktop\PoS_Patisserie\client\src\app\shared\approvals-action-dialog\approvals-action-dialog.component.ts", "TypeScript", 0, 0, 0, 0, 0, 0, 100, 0, 0, 0, 0, 0, 10, 110
"c:\Users\moufa\Desktop\PoS_Patisserie\client\src\app\shared\billing-center-action-dialog\billing-center-action-dialog.component.ts", "TypeScript", 0, 0, 0, 0, 0, 0, 135, 0, 0, 0, 0, 0, 14, 149
"c:\Users\moufa\Desktop\PoS_Patisserie\client\src\app\shared\client-action-dialog\client-action-dialog.component.html", "HTML", 0, 0, 0, 0, 0, 0, 0, 0, 0, 58, 0, 6, 6, 70
"c:\Users\moufa\Desktop\PoS_Patisserie\client\src\app\shared\client-action-dialog\client-action-dialog.component.ts", "TypeScript", 0, 0, 0, 0, 0, 0, 63, 0, 0, 0, 0, 0, 7, 70
"c:\Users\moufa\Desktop\PoS_Patisserie\client\src\app\shared\components\conservation-warnings\conservation-warnings.component.ts", "TypeScript", 0, 0, 0, 0, 0, 0, 99, 0, 0, 0, 0, 0, 10, 109
"c:\Users\moufa\Desktop\PoS_Patisserie\client\src\app\shared\components\image-cropper\image-cropper.component.ts", "TypeScript", 0, 0, 0, 0, 0, 0, 297, 0, 0, 0, 0, 17, 61, 375
"c:\Users\moufa\Desktop\PoS_Patisserie\client\src\app\shared\components\image-upload-modal\image-upload-modal.component.ts", "TypeScript", 0, 0, 0, 0, 0, 0, 126, 0, 0, 0, 0, 1, 14, 141
"c:\Users\moufa\Desktop\PoS_Patisserie\client\src\app\shared\customer-selection-dialog\customer-selection-dialog.component.html", "HTML", 0, 0, 0, 0, 0, 0, 0, 0, 0, 0, 0, 0, 1, 1
"c:\Users\moufa\Desktop\PoS_Patisserie\client\src\app\shared\customer-selection-dialog\customer-selection-dialog.component.ts", "TypeScript", 0, 0, 0, 0, 0, 0, 0, 0, 0, 0, 0, 0, 1, 1
"c:\Users\moufa\Desktop\PoS_Patisserie\client\src\app\shared\depot-selector\depot-selector.component.ts", "TypeScript", 0, 0, 0, 0, 0, 0, 160, 0, 0, 0, 0, 7, 21, 188
"c:\Users\moufa\Desktop\PoS_Patisserie\client\src\app\shared\directives\lazy-image.directive.ts", "TypeScript", 0, 0, 0, 0, 0, 0, 68, 0, 0, 0, 0, 7, 16, 91
"c:\Users\moufa\Desktop\PoS_Patisserie\client\src\app\shared\enterprise-action-dialog\enterprise-action-dialog.component.ts", "TypeScript", 0, 0, 0, 0, 0, 0, 90, 0, 0, 0, 0, 0, 10, 100
"c:\Users\moufa\Desktop\PoS_Patisserie\client\src\app\shared\expense-action-dialog\expense-action-dialog.component.ts", "TypeScript", 0, 0, 0, 0, 0, 0, 121, 0, 0, 0, 0, 0, 11, 132
"c:\Users\moufa\Desktop\PoS_Patisserie\client\src\app\shared\payment-dialog\payment-dialog.component.ts", "TypeScript", 0, 0, 0, 0, 0, 0, 174, 0, 0, 0, 0, 0, 20, 194
"c:\Users\moufa\Desktop\PoS_Patisserie\client\src\app\shared\settings-action-dialog\settings-action-dialog.component.ts", "TypeScript", 0, 0, 0, 0, 0, 0, 115, 0, 0, 0, 0, 0, 13, 128
"c:\Users\moufa\Desktop\PoS_Patisserie\client\src\app\shared\shared.module.ts", "TypeScript", 0, 0, 0, 0, 0, 0, 18, 0, 0, 0, 0, 0, 2, 20
"c:\Users\moufa\Desktop\PoS_Patisserie\client\src\app\shared\supplier-action-dialog\supplier-action-dialog.component.html", "HTML", 0, 0, 0, 0, 0, 0, 0, 0, 0, 58, 0, 6, 6, 70
"c:\Users\moufa\Desktop\PoS_Patisserie\client\src\app\shared\supplier-action-dialog\supplier-action-dialog.component.ts", "TypeScript", 0, 0, 0, 0, 0, 0, 63, 0, 0, 0, 0, 0, 7, 70
"c:\Users\moufa\Desktop\PoS_Patisserie\client\src\app\shared\ticket-action-dialog\ticket-action-dialog.component.ts", "TypeScript", 0, 0, 0, 0, 0, 0, 172, 0, 0, 0, 0, 0, 15, 187
"c:\Users\moufa\Desktop\PoS_Patisserie\client\src\app\shared\ticket-dialog\ticket-dialog.component.html", "HTML", 0, 0, 0, 0, 0, 0, 0, 0, 0, 105, 0, 13, 11, 129
"c:\Users\moufa\Desktop\PoS_Patisserie\client\src\app\shared\ticket-dialog\ticket-dialog.component.ts", "TypeScript", 0, 0, 0, 0, 0, 0, 82, 0, 0, 0, 0, 0, 15, 97
"c:\Users\moufa\Desktop\PoS_Patisserie\client\src\app\stock-management\depot-selection\depot-selection.component.html", "HTML", 0, 0, 0, 0, 0, 0, 0, 0, 0, 135, 0, 14, 15, 164
"c:\Users\moufa\Desktop\PoS_Patisserie\client\src\app\stock-management\depot-selection\depot-selection.component.ts", "TypeScript", 0, 0, 0, 0, 0, 0, 77, 0, 0, 0, 0, 2, 14, 93
"c:\Users\moufa\Desktop\PoS_Patisserie\client\src\app\stock-management\depot-selection\depot-selection.module.ts", "TypeScript", 0, 0, 0, 0, 0, 0, 19, 0, 0, 0, 0, 0, 4, 23
"c:\Users\moufa\Desktop\PoS_Patisserie\client\src\app\stock-management\entry-options\entry-options.component.html", "HTML", 0, 0, 0, 0, 0, 0, 0, 0, 0, 95, 0, 9, 16, 120
"c:\Users\moufa\Desktop\PoS_Patisserie\client\src\app\stock-management\entry-options\entry-options.component.ts", "TypeScript", 0, 0, 0, 0, 0, 0, 48, 0, 0, 0, 0, 0, 9, 57
"c:\Users\moufa\Desktop\PoS_Patisserie\client\src\app\stock-management\entry-options\entry-options.module.ts", "TypeScript", 0, 0, 0, 0, 0, 0, 19, 0, 0, 0, 0, 0, 4, 23
"c:\Users\moufa\Desktop\PoS_Patisserie\client\src\app\stock-management\import-entry\import-entry.component.html", "HTML", 0, 0, 0, 0, 0, 0, 0, 0, 0, 320, 0, 30, 36, 386
"c:\Users\moufa\Desktop\PoS_Patisserie\client\src\app\stock-management\import-entry\import-entry.component.ts", "TypeScript", 0, 0, 0, 0, 0, 0, 345, 0, 0, 0, 0, 34, 70, 449
"c:\Users\moufa\Desktop\PoS_Patisserie\client\src\app\stock-management\import-entry\import-entry.module.ts", "TypeScript", 0, 0, 0, 0, 0, 0, 20, 0, 0, 0, 0, 0, 4, 24
"c:\Users\moufa\Desktop\PoS_Patisserie\client\src\app\stock-management\new-entry\new-entry.component.html", "HTML", 0, 0, 0, 0, 0, 0, 0, 0, 0, 221, 0, 15, 16, 252
"c:\Users\moufa\Desktop\PoS_Patisserie\client\src\app\stock-management\new-entry\new-entry.component.ts", "TypeScript", 0, 0, 0, 0, 0, 0, 378, 0, 0, 0, 0, 22, 61, 461
"c:\Users\moufa\Desktop\PoS_Patisserie\client\src\app\stock-management\new-entry\new-entry.module.ts", "TypeScript", 0, 0, 0, 0, 0, 0, 20, 0, 0, 0, 0, 0, 4, 24
"c:\Users\moufa\Desktop\PoS_Patisserie\client\src\app\stock-management\stock-management-routing.module.ts", "TypeScript", 0, 0, 0, 0, 0, 0, 27, 0, 0, 0, 0, 0, 3, 30
"c:\Users\moufa\Desktop\PoS_Patisserie\client\src\app\stock-management\stock-management.component.html", "HTML", 0, 0, 0, 0, 0, 0, 0, 0, 0, 50, 0, 3, 6, 59
"c:\Users\moufa\Desktop\PoS_Patisserie\client\src\app\stock-management\stock-management.component.ts", "TypeScript", 0, 0, 0, 0, 0, 0, 14, 0, 0, 0, 0, 0, 5, 19
"c:\Users\moufa\Desktop\PoS_Patisserie\client\src\app\stock-management\stock-management.module.ts", "TypeScript", 0, 0, 0, 0, 0, 0, 36, 0, 0, 0, 0, 0, 4, 40
"c:\Users\moufa\Desktop\PoS_Patisserie\client\src\app\stock\branch-inventory\branch-inventory-routing.module.ts", "TypeScript", 0, 0, 0, 0, 0, 0, 14, 0, 0, 0, 0, 0, 3, 17
"c:\Users\moufa\Desktop\PoS_Patisserie\client\src\app\stock\branch-inventory\branch-inventory.component.html", "HTML", 0, 0, 0, 0, 0, 0, 0, 0, 0, 442, 0, 22, 29, 493
"c:\Users\moufa\Desktop\PoS_Patisserie\client\src\app\stock\branch-inventory\branch-inventory.component.ts", "TypeScript", 0, 0, 0, 0, 0, 0, 274, 0, 0, 0, 0, 9, 44, 327
"c:\Users\moufa\Desktop\PoS_Patisserie\client\src\app\stock\branch-inventory\branch-inventory.module.ts", "TypeScript", 0, 0, 0, 0, 0, 0, 22, 0, 0, 0, 0, 0, 2, 24
"c:\Users\moufa\Desktop\PoS_Patisserie\client\src\app\stock\depot-reception\depot-reception-routing.module.ts", "TypeScript", 0, 0, 0, 0, 0, 0, 11, 0, 0, 0, 0, 0, 4, 15
"c:\Users\moufa\Desktop\PoS_Patisserie\client\src\app\stock\depot-reception\depot-reception.component.html", "HTML", 0, 0, 0, 0, 0, 0, 0, 0, 0, 85, 0, 0, 9, 94
"c:\Users\moufa\Desktop\PoS_Patisserie\client\src\app\stock\depot-reception\depot-reception.component.ts", "TypeScript", 0, 0, 0, 0, 0, 0, 80, 0, 0, 0, 0, 0, 12, 92
"c:\Users\moufa\Desktop\PoS_Patisserie\client\src\app\stock\depot-reception\depot-reception.module.ts", "TypeScript", 0, 0, 0, 0, 0, 0, 21, 0, 0, 0, 0, 0, 2, 23
"c:\Users\moufa\Desktop\PoS_Patisserie\client\src\app\stock\documents\documents-routing.module.ts", "TypeScript", 0, 0, 0, 0, 0, 0, 11, 0, 0, 0, 0, 0, 2, 13
"c:\Users\moufa\Desktop\PoS_Patisserie\client\src\app\stock\documents\documents.component.html", "HTML", 0, 0, 0, 0, 0, 0, 0, 0, 0, 256, 0, 0, 22, 278
"c:\Users\moufa\Desktop\PoS_Patisserie\client\src\app\stock\documents\documents.component.ts", "TypeScript", 0, 0, 0, 0, 0, 0, 603, 0, 0, 0, 0, 16, 65, 684
"c:\Users\moufa\Desktop\PoS_Patisserie\client\src\app\stock\documents\documents.module.ts", "TypeScript", 0, 0, 0, 0, 0, 0, 7, 0, 0, 0, 0, 0, 2, 9
"c:\Users\moufa\Desktop\PoS_Patisserie\client\src\app\stock\drivers\driver-form\driver-form.component.html", "HTML", 0, 0, 0, 0, 0, 0, 0, 0, 0, 186, 0, 17, 18, 221
"c:\Users\moufa\Desktop\PoS_Patisserie\client\src\app\stock\drivers\driver-form\driver-form.component.ts", "TypeScript", 0, 0, 0, 0, 0, 0, 149, 0, 0, 0, 0, 4, 17, 170
"c:\Users\moufa\Desktop\PoS_Patisserie\client\src\app\stock\drivers\drivers-list\drivers-list.component.html", "HTML", 0, 0, 0, 0, 0, 0, 0, 0, 0, 137, 0, 8, 9, 154
"c:\Users\moufa\Desktop\PoS_Patisserie\client\src\app\stock\drivers\drivers-list\drivers-list.component.ts", "TypeScript", 0, 0, 0, 0, 0, 0, 68, 0, 0, 0, 0, 0, 13, 81
"c:\Users\moufa\Desktop\PoS_Patisserie\client\src\app\stock\drivers\drivers.module.ts", "TypeScript", 0, 0, 0, 0, 0, 0, 24, 0, 0, 0, 0, 0, 3, 27
"c:\Users\moufa\Desktop\PoS_Patisserie\client\src\app\stock\entry\entry.component.html", "HTML", 0, 0, 0, 0, 0, 0, 0, 0, 0, 406, 0, 35, 33, 474
"c:\Users\moufa\Desktop\PoS_Patisserie\client\src\app\stock\entry\entry.component.ts", "TypeScript", 0, 0, 0, 0, 0, 0, 564, 0, 0, 0, 0, 32, 94, 690
"c:\Users\moufa\Desktop\PoS_Patisserie\client\src\app\stock\entry\entry.module.ts", "TypeScript", 0, 0, 0, 0, 0, 0, 12, 0, 0, 0, 0, 0, 2, 14
"c:\Users\moufa\Desktop\PoS_Patisserie\client\src\app\stock\entry\entry.routing.ts", "TypeScript", 0, 0, 0, 0, 0, 0, 11, 0, 0, 0, 0, 0, 3, 14
"c:\Users\moufa\Desktop\PoS_Patisserie\client\src\app\stock\families\families-routing.module.ts", "TypeScript", 0, 0, 0, 0, 0, 0, 14, 0, 0, 0, 0, 0, 3, 17
"c:\Users\moufa\Desktop\PoS_Patisserie\client\src\app\stock\families\families.component.html", "HTML", 0, 0, 0, 0, 0, 0, 0, 0, 0, 89, 0, 10, 10, 109
"c:\Users\moufa\Desktop\PoS_Patisserie\client\src\app\stock\families\families.component.ts", "TypeScript", 0, 0, 0, 0, 0, 0, 110, 0, 0, 0, 0, 2, 17, 129
"c:\Users\moufa\Desktop\PoS_Patisserie\client\src\app\stock\families\families.module.ts", "TypeScript", 0, 0, 0, 0, 0, 0, 24, 0, 0, 0, 0, 0, 3, 27
"c:\Users\moufa\Desktop\PoS_Patisserie\client\src\app\stock\families\family-form\family-form.component.html", "HTML", 0, 0, 0, 0, 0, 0, 0, 0, 0, 55, 0, 8, 6, 69
"c:\Users\moufa\Desktop\PoS_Patisserie\client\src\app\stock\families\family-form\family-form.component.ts", "TypeScript", 0, 0, 0, 0, 0, 0, 69, 0, 0, 0, 0, 0, 9, 78
"c:\Users\moufa\Desktop\PoS_Patisserie\client\src\app\stock\prepare-lot\prepare-lot-routing.module.ts", "TypeScript", 0, 0, 0, 0, 0, 0, 11, 0, 0, 0, 0, 0, 4, 15
"c:\Users\moufa\Desktop\PoS_Patisserie\client\src\app\stock\prepare-lot\prepare-lot.component.html", "HTML", 0, 0, 0, 0, 0, 0, 0, 0, 0, 244, 0, 8, 18, 270
"c:\Users\moufa\Desktop\PoS_Patisserie\client\src\app\stock\prepare-lot\prepare-lot.component.ts", "TypeScript", 0, 0, 0, 0, 0, 0, 212, 0, 0, 0, 0, 8, 35, 255
"c:\Users\moufa\Desktop\PoS_Patisserie\client\src\app\stock\prepare-lot\prepare-lot.module.ts", "TypeScript", 0, 0, 0, 0, 0, 0, 22, 0, 0, 0, 0, 0, 2, 24
"c:\Users\moufa\Desktop\PoS_Patisserie\client\src\app\stock\products\bulk-import\bulk-import.component.ts", "TypeScript", 0, 0, 0, 0, 0, 0, 34, 0, 0, 0, 0, 0, 4, 38
"c:\Users\moufa\Desktop\PoS_Patisserie\client\src\app\stock\products\product-form\product-form.component.css", "CSS", 0, 0, 0, 0, 0, 0, 0, 0, 36, 0, 0, 2, 7, 45
"c:\Users\moufa\Desktop\PoS_Patisserie\client\src\app\stock\products\product-form\product-form.component.html", "HTML", 0, 0, 0, 0, 0, 0, 0, 0, 0, 178, 0, 3, 24, 205
"c:\Users\moufa\Desktop\PoS_Patisserie\client\src\app\stock\products\product-form\product-form.component.ts", "TypeScript", 0, 0, 0, 0, 0, 0, 191, 0, 0, 0, 0, 9, 25, 225
"c:\Users\moufa\Desktop\PoS_Patisserie\client\src\app\stock\products\products-routing.module.ts", "TypeScript", 0, 0, 0, 0, 0, 0, 19, 0, 0, 0, 0, 0, 2, 21
"c:\Users\moufa\Desktop\PoS_Patisserie\client\src\app\stock\products\products.component.html", "HTML", 0, 0, 0, 0, 0, 0, 0, 0, 0, 269, 0, 15, 24, 308
"c:\Users\moufa\Desktop\PoS_Patisserie\client\src\app\stock\products\products.component.ts", "TypeScript", 0, 0, 0, 0, 0, 0, 261, 0, 0, 0, 0, 5, 46, 312
"c:\Users\moufa\Desktop\PoS_Patisserie\client\src\app\stock\products\products.module.ts", "TypeScript", 0, 0, 0, 0, 0, 0, 30, 0, 0, 0, 0, 0, 2, 32
"c:\Users\moufa\Desktop\PoS_Patisserie\client\src\app\stock\products\vrac-conversion-form\vrac-conversion-form.component.html", "HTML", 0, 0, 0, 0, 0, 0, 0, 0, 0, 34, 0, 0, 3, 37
"c:\Users\moufa\Desktop\PoS_Patisserie\client\src\app\stock\products\vrac-conversion-form\vrac-conversion-form.component.ts", "TypeScript", 0, 0, 0, 0, 0, 0, 31, 0, 0, 0, 0, 0, 7, 38
"c:\Users\moufa\Desktop\PoS_Patisserie\client\src\app\stock\products\vrac-statistics\vrac-statistics.component.html", "HTML", 0, 0, 0, 0, 0, 0, 0, 0, 0, 91, 0, 0, 10, 101
"c:\Users\moufa\Desktop\PoS_Patisserie\client\src\app\stock\products\vrac-statistics\vrac-statistics.component.ts", "TypeScript", 0, 0, 0, 0, 0, 0, 53, 0, 0, 0, 0, 1, 12, 66
"c:\Users\moufa\Desktop\PoS_Patisserie\client\src\app\stock\produits-de-caisse\produits-de-caisse-form\produits-de-caisse-form.component.html", "HTML", 0, 0, 0, 0, 0, 0, 0, 0, 0, 142, 0, 16, 20, 178
"c:\Users\moufa\Desktop\PoS_Patisserie\client\src\app\stock\produits-de-caisse\produits-de-caisse-form\produits-de-caisse-form.component.ts", "TypeScript", 0, 0, 0, 0, 0, 0, 132, 0, 0, 0, 0, 4, 23, 159
"c:\Users\moufa\Desktop\PoS_Patisserie\client\src\app\stock\produits-de-caisse\produits-de-caisse-list\produits-de-caisse-list.component.html", "HTML", 0, 0, 0, 0, 0, 0, 0, 0, 0, 97, 0, 8, 11, 116
"c:\Users\moufa\Desktop\PoS_Patisserie\client\src\app\stock\produits-de-caisse\produits-de-caisse-list\produits-de-caisse-list.component.ts", "TypeScript", 0, 0, 0, 0, 0, 0, 96, 0, 0, 0, 0, 4, 19, 119
"c:\Users\moufa\Desktop\PoS_Patisserie\client\src\app\stock\produits-de-caisse\produits-de-caisse-routing.module.ts", "TypeScript", 0, 0, 0, 0, 0, 0, 11, 0, 0, 0, 0, 0, 3, 14
"c:\Users\moufa\Desktop\PoS_Patisserie\client\src\app\stock\produits-de-caisse\produits-de-caisse.component.html", "HTML", 0, 0, 0, 0, 0, 0, 0, 0, 0, 80, 0, 8, 7, 95
"c:\Users\moufa\Desktop\PoS_Patisserie\client\src\app\stock\produits-de-caisse\produits-de-caisse.component.ts", "TypeScript", 0, 0, 0, 0, 0, 0, 71, 0, 0, 0, 0, 2, 17, 90
"c:\Users\moufa\Desktop\PoS_Patisserie\client\src\app\stock\produits-de-caisse\produits-de-caisse.module.ts", "TypeScript", 0, 0, 0, 0, 0, 0, 23, 0, 0, 0, 0, 0, 3, 26
"c:\Users\moufa\Desktop\PoS_Patisserie\client\src\app\stock\scan-reception\scan-reception.component.html", "HTML", 0, 0, 0, 0, 0, 0, 0, 0, 0, 482, 0, 33, 44, 559
"c:\Users\moufa\Desktop\PoS_Patisserie\client\src\app\stock\scan-reception\scan-reception.component.ts", "TypeScript", 0, 0, 0, 0, 0, 0, 850, 0, 0, 0, 0, 84, 149, 1083
"c:\Users\moufa\Desktop\PoS_Patisserie\client\src\app\stock\scan-reception\scan-reception.module.ts", "TypeScript", 0, 0, 0, 0, 0, 0, 13, 0, 0, 0, 0, 0, 5, 18
"c:\Users\moufa\Desktop\PoS_Patisserie\client\src\app\stock\shop-transfer\shop-transfer-routing.module.ts", "TypeScript", 0, 0, 0, 0, 0, 0, 11, 0, 0, 0, 0, 0, 4, 15
"c:\Users\moufa\Desktop\PoS_Patisserie\client\src\app\stock\shop-transfer\shop-transfer-simple.component.ts", "TypeScript", 0, 0, 0, 0, 0, 0, 19, 0, 0, 0, 0, 0, 2, 21
"c:\Users\moufa\Desktop\PoS_Patisserie\client\src\app\stock\shop-transfer\shop-transfer.component.html", "HTML", 0, 0, 0, 0, 0, 0, 0, 0, 0, 325, 0, 8, 18, 351
"c:\Users\moufa\Desktop\PoS_Patisserie\client\src\app\stock\shop-transfer\shop-transfer.component.ts", "TypeScript", 0, 0, 0, 0, 0, 0, 156, 0, 0, 0, 0, 3, 29, 188
"c:\Users\moufa\Desktop\PoS_Patisserie\client\src\app\stock\shop-transfer\shop-transfer.module.ts", "TypeScript", 0, 0, 0, 0, 0, 0, 21, 0, 0, 0, 0, 0, 2, 23
"c:\Users\moufa\Desktop\PoS_Patisserie\client\src\app\stock\site\site-routing.module.ts", "TypeScript", 0, 0, 0, 0, 0, 0, 12, 0, 0, 0, 0, 0, 2, 14
"c:\Users\moufa\Desktop\PoS_Patisserie\client\src\app\stock\site\site.component.html", "HTML", 0, 0, 0, 0, 0, 0, 0, 0, 0, 61, 0, 0, 10, 71
"c:\Users\moufa\Desktop\PoS_Patisserie\client\src\app\stock\site\site.component.ts", "TypeScript", 0, 0, 0, 0, 0, 0, 41, 0, 0, 0, 0, 0, 5, 46
"c:\Users\moufa\Desktop\PoS_Patisserie\client\src\app\stock\site\site.module.ts", "TypeScript", 0, 0, 0, 0, 0, 0, 20, 0, 0, 0, 0, 0, 2, 22
"c:\Users\moufa\Desktop\PoS_Patisserie\client\src\app\stock\stock-check\stock-check.component.html", "HTML", 0, 0, 0, 0, 0, 0, 0, 0, 0, 295, 0, 17, 18, 330
"c:\Users\moufa\Desktop\PoS_Patisserie\client\src\app\stock\stock-check\stock-check.component.ts", "TypeScript", 0, 0, 0, 0, 0, 0, 189, 0, 0, 0, 0, 12, 44, 245
"c:\Users\moufa\Desktop\PoS_Patisserie\client\src\app\stock\stock-check\stock-check.module.ts", "TypeScript", 0, 0, 0, 0, 0, 0, 17, 0, 0, 0, 0, 0, 3, 20
"c:\Users\moufa\Desktop\PoS_Patisserie\client\src\app\stock\stock-routing.module.ts", "TypeScript", 0, 0, 0, 0, 0, 0, 46, 0, 0, 0, 0, 0, 3, 49
"c:\Users\moufa\Desktop\PoS_Patisserie\client\src\app\stock\stock.component.html", "HTML", 0, 0, 0, 0, 0, 0, 0, 0, 0, 211, 0, 12, 33, 256
"c:\Users\moufa\Desktop\PoS_Patisserie\client\src\app\stock\stock.component.ts", "TypeScript", 0, 0, 0, 0, 0, 0, 190, 0, 0, 0, 0, 8, 21, 219
"c:\Users\moufa\Desktop\PoS_Patisserie\client\src\app\stock\stock.module.ts", "TypeScript", 0, 0, 0, 0, 0, 0, 14, 0, 0, 0, 0, 0, 3, 17
"c:\Users\moufa\Desktop\PoS_Patisserie\client\src\app\stock\vehicles\vehicle-brands\vehicle-brands.component.html", "HTML", 0, 0, 0, 0, 0, 0, 0, 0, 0, 138, 0, 11, 11, 160
"c:\Users\moufa\Desktop\PoS_Patisserie\client\src\app\stock\vehicles\vehicle-brands\vehicle-brands.component.ts", "TypeScript", 0, 0, 0, 0, 0, 0, 110, 0, 0, 0, 0, 0, 15, 125
"c:\Users\moufa\Desktop\PoS_Patisserie\client\src\app\stock\vehicles\vehicle-form\vehicle-form.component.html", "HTML", 0, 0, 0, 0, 0, 0, 0, 0, 0, 113, 0, 8, 8, 129
"c:\Users\moufa\Desktop\PoS_Patisserie\client\src\app\stock\vehicles\vehicle-form\vehicle-form.component.ts", "TypeScript", 0, 0, 0, 0, 0, 0, 119, 0, 0, 0, 0, 0, 13, 132
"c:\Users\moufa\Desktop\PoS_Patisserie\client\src\app\stock\vehicles\vehicle-list\vehicle-list.component.html", "HTML", 0, 0, 0, 0, 0, 0, 0, 0, 0, 103, 0, 10, 10, 123
"c:\Users\moufa\Desktop\PoS_Patisserie\client\src\app\stock\vehicles\vehicle-list\vehicle-list.component.ts", "TypeScript", 0, 0, 0, 0, 0, 0, 85, 0, 0, 0, 0, 0, 13, 98
"c:\Users\moufa\Desktop\PoS_Patisserie\client\src\app\stock\vehicles\vehicles-routing.module.ts", "TypeScript", 0, 0, 0, 0, 0, 0, 17, 0, 0, 0, 0, 0, 3, 20
"c:\Users\moufa\Desktop\PoS_Patisserie\client\src\app\stock\vehicles\vehicles.component.html", "HTML", 0, 0, 0, 0, 0, 0, 0, 0, 0, 72, 0, 5, 13, 90
"c:\Users\moufa\Desktop\PoS_Patisserie\client\src\app\stock\vehicles\vehicles.component.ts", "TypeScript", 0, 0, 0, 0, 0, 0, 20, 0, 0, 0, 0, 0, 7, 27
"c:\Users\moufa\Desktop\PoS_Patisserie\client\src\app\stock\vehicles\vehicles.module.ts", "TypeScript", 0, 0, 0, 0, 0, 0, 23, 0, 0, 0, 0, 0, 3, 26
"c:\Users\moufa\Desktop\PoS_Patisserie\client\src\app\stock\wholesale\wholesale-routing.module.ts", "TypeScript", 0, 0, 0, 0, 0, 0, 11, 0, 0, 0, 0, 0, 3, 14
"c:\Users\moufa\Desktop\PoS_Patisserie\client\src\app\stock\wholesale\wholesale.component.html", "HTML", 0, 0, 0, 0, 0, 0, 0, 0, 0, 161, 0, 6, 9, 176
"c:\Users\moufa\Desktop\PoS_Patisserie\client\src\app\stock\wholesale\wholesale.component.ts", "TypeScript", 0, 0, 0, 0, 0, 0, 71, 0, 0, 0, 0, 0, 15, 86
"c:\Users\moufa\Desktop\PoS_Patisserie\client\src\app\stock\wholesale\wholesale.module.ts", "TypeScript", 0, 0, 0, 0, 0, 0, 18, 0, 0, 0, 0, 0, 3, 21
"c:\Users\moufa\Desktop\PoS_Patisserie\client\src\app\supplier-payments\supplier-payments.component.html", "HTML", 0, 0, 0, 0, 0, 0, 0, 0, 0, 189, 0, 5, 14, 208
"c:\Users\moufa\Desktop\PoS_Patisserie\client\src\app\supplier-payments\supplier-payments.component.ts", "TypeScript", 0, 0, 0, 0, 0, 0, 144, 0, 0, 0, 0, 2, 17, 163
"c:\Users\moufa\Desktop\PoS_Patisserie\client\src\app\supplier-payments\supplier-payments.module.ts", "TypeScript", 0, 0, 0, 0, 0, 0, 16, 0, 0, 0, 0, 0, 3, 19
"c:\Users\moufa\Desktop\PoS_Patisserie\client\src\app\supplier-statement\supplier-statement.component.html", "HTML", 0, 0, 0, 0, 0, 0, 0, 0, 0, 244, 0, 5, 12, 261
"c:\Users\moufa\Desktop\PoS_Patisserie\client\src\app\supplier-statement\supplier-statement.component.ts", "TypeScript", 0, 0, 0, 0, 0, 0, 335, 0, 0, 0, 0, 5, 38, 378
"c:\Users\moufa\Desktop\PoS_Patisserie\client\src\app\supplier-statement\supplier-statement.module.ts", "TypeScript", 0, 0, 0, 0, 0, 0, 16, 0, 0, 0, 0, 0, 3, 19
"c:\Users\moufa\Desktop\PoS_Patisserie\client\src\app\suppliers\suppliers.component.html", "HTML", 0, 0, 0, 0, 0, 0, 0, 0, 0, 690, 0, 12, 33, 735
"c:\Users\moufa\Desktop\PoS_Patisserie\client\src\app\suppliers\suppliers.component.ts", "TypeScript", 0, 0, 0, 0, 0, 0, 288, 0, 0, 0, 0, 17, 42, 347
"c:\Users\moufa\Desktop\PoS_Patisserie\client\src\app\suppliers\suppliers.module.ts", "TypeScript", 0, 0, 0, 0, 0, 0, 19, 0, 0, 0, 0, 0, 3, 22
"c:\Users\moufa\Desktop\PoS_Patisserie\client\src\app\unauthorized\unauthorized.component.ts", "TypeScript", 0, 0, 0, 0, 0, 0, 90, 0, 0, 0, 0, 1, 13, 104
"c:\Users\moufa\Desktop\PoS_Patisserie\client\src\assets\images\loading-placeholder.svg", "XML", 0, 0, 0, 0, 0, 0, 0, 0, 0, 0, 7, 0, 1, 8
"c:\Users\moufa\Desktop\PoS_Patisserie\client\src\assets\images\placeholder-product.svg", "XML", 0, 0, 0, 0, 0, 0, 0, 0, 0, 0, 6, 0, 1, 7
"c:\Users\moufa\Desktop\PoS_Patisserie\client\src\assets\images\shop1-logo.svg", "XML", 0, 0, 0, 0, 0, 0, 0, 0, 0, 0, 6, 0, 1, 7
"c:\Users\moufa\Desktop\PoS_Patisserie\client\src\assets\images\shop2-logo.svg", "XML", 0, 0, 0, 0, 0, 0, 0, 0, 0, 0, 6, 0, 1, 7
"c:\Users\moufa\Desktop\PoS_Patisserie\client\src\index.html", "HTML", 0, 0, 0, 0, 0, 0, 0, 0, 0, 14, 0, 0, 1, 15
"c:\Users\moufa\Desktop\PoS_Patisserie\client\src\main.ts", "TypeScript", 0, 0, 0, 0, 0, 0, 5, 0, 0, 0, 0, 0, 2, 7
"c:\Users\moufa\Desktop\PoS_Patisserie\client\src\manifest.webmanifest", "JSON", 0, 0, 0, 63, 0, 0, 0, 0, 0, 0, 0, 0, 0, 63
"c:\Users\moufa\Desktop\PoS_Patisserie\client\src\styles.css", "CSS", 0, 0, 0, 0, 0, 0, 0, 0, 475, 0, 0, 42, 86, 603
"c:\Users\moufa\Desktop\PoS_Patisserie\client\src\zone-flags.ts", "TypeScript", 0, 0, 0, 0, 0, 0, 12, 0, 0, 0, 0, 6, 4, 22
"c:\Users\moufa\Desktop\PoS_Patisserie\client\tsconfig.app.json", "JSON", 0, 0, 0, 14, 0, 0, 0, 0, 0, 0, 0, 2, 1, 17
"c:\Users\moufa\Desktop\PoS_Patisserie\client\tsconfig.json", "JSON with Comments", 0, 0, 0, 0, 0, 0, 0, 25, 0, 0, 0, 2, 1, 28
"c:\Users\moufa\Desktop\PoS_Patisserie\client\tsconfig.spec.json", "JSON", 0, 0, 0, 13, 0, 0, 0, 0, 0, 0, 0, 2, 1, 16
"c:\Users\moufa\Desktop\PoS_Patisserie\client\vitest.config.ts", "TypeScript", 0, 0, 0, 0, 0, 0, 14, 0, 0, 0, 0, 0, 1, 15
"c:\Users\moufa\Desktop\PoS_Patisserie\database\init.sql", "MS SQL", 0, 0, 55, 0, 0, 0, 0, 0, 0, 0, 0, 7, 6, 68
"c:\Users\moufa\Desktop\PoS_Patisserie\desktop\app-config.json", "JSON", 0, 0, 0, 3, 0, 0, 0, 0, 0, 0, 0, 0, 1, 4
"c:\Users\moufa\Desktop\PoS_Patisserie\desktop\src-tauri\build.rs", "Rust", 0, 0, 0, 0, 0, 3, 0, 0, 0, 0, 0, 0, 1, 4
"c:\Users\moufa\Desktop\PoS_Patisserie\desktop\src-tauri\src\main.rs", "Rust", 0, 0, 0, 0, 0, 210, 0, 0, 0, 0, 0, 14, 51, 275
"c:\Users\moufa\Desktop\PoS_Patisserie\desktop\src-tauri\tauri.conf.json", "JSON", 0, 0, 0, 21, 0, 0, 0, 0, 0, 0, 0, 0, 1, 22
"c:\Users\moufa\Desktop\PoS_Patisserie\server\certs\client-config.conf", "Properties", 22, 0, 0, 0, 0, 0, 0, 0, 0, 0, 0, 0, 4, 26
"c:\Users\moufa\Desktop\PoS_Patisserie\server\nodemon.json", "JSON", 0, 0, 0, 15, 0, 0, 0, 0, 0, 0, 0, 0, 1, 16
"c:\Users\moufa\Desktop\PoS_Patisserie\server\package-lock.json", "JSON", 0, 0, 0, 6141, 0, 0, 0, 0, 0, 0, 0, 0, 1, 6142
"c:\Users\moufa\Desktop\PoS_Patisserie\server\package.json", "JSON", 0, 0, 0, 53, 0, 0, 0, 0, 0, 0, 0, 0, 1, 54
"c:\Users\moufa\Desktop\PoS_Patisserie\server\prisma\.env", "Properties", 29, 0, 0, 0, 0, 0, 0, 0, 0, 0, 0, 0, 0, 29
"c:\Users\moufa\Desktop\PoS_Patisserie\server\prisma\migrations\20250101120000_add_produits_de_caisse\migration.sql", "MS SQL", 0, 0, 10, 0, 0, 0, 0, 0, 0, 0, 0, 1, 2, 13
"c:\Users\moufa\Desktop\PoS_Patisserie\server\prisma\migrations\20250110000000_add_wholesale_rules\migration.sql", "MS SQL", 0, 0, 10, 0, 0, 0, 0, 0, 0, 0, 0, 1, 2, 13
"c:\Users\moufa\Desktop\PoS_Patisserie\server\prisma\migrations\20250110000001_add_supplier_payments\migration.sql", "MS SQL", 0, 0, 25, 0, 0, 0, 0, 0, 0, 0, 0, 3, 5, 33
"c:\Users\moufa\Desktop\PoS_Patisserie\server\prisma\migrations\20250831235945_add_expense_models\migration.sql", "MS SQL", 0, 0, 207, 0, 0, 0, 0, 0, 0, 0, 0, 40, 54, 301
"c:\Users\moufa\Desktop\PoS_Patisserie\server\prisma\migrations\20250901005756_add_audit_logging\migration.sql", "MS SQL", 0, 0, 14, 0, 0, 0, 0, 0, 0, 0, 0, 2, 3, 19
"c:\Users\moufa\Desktop\PoS_Patisserie\server\prisma\migrations\20250901012326_add_payment_fields\migration.sql", "MS SQL", 0, 0, 2, 0, 0, 0, 0, 0, 0, 0, 0, 1, 1, 4
"c:\Users\moufa\Desktop\PoS_Patisserie\server\prisma\migrations\20250901031830_update_product_model\migration.sql", "MS SQL", 0, 0, 33, 0, 0, 0, 0, 0, 0, 0, 0, 27, 8, 68
"c:\Users\moufa\Desktop\PoS_Patisserie\server\prisma\migrations\20250901031920_product\migration.sql", "MS SQL", 0, 0, 3, 0, 0, 0, 0, 0, 0, 0, 0, 1, 1, 5
"c:\Users\moufa\Desktop\PoS_Patisserie\server\prisma\migrations\20250901032620_add_stock_documents\migration.sql", "MS SQL", 0, 0, 51, 0, 0, 0, 0, 0, 0, 0, 0, 12, 16, 79
"c:\Users\moufa\Desktop\PoS_Patisserie\server\prisma\migrations\20250901033656_add_stock_flow_models\migration.sql", "MS SQL", 0, 0, 15, 0, 0, 0, 0, 0, 0, 0, 0, 14, 8, 37
"c:\Users\moufa\Desktop\PoS_Patisserie\server\prisma\migrations\20250901043227_add_product_conservation\migration.sql", "MS SQL", 0, 0, 21, 0, 0, 0, 0, 0, 0, 0, 0, 14, 6, 41
"c:\Users\moufa\Desktop\PoS_Patisserie\server\prisma\migrations\20250901082823_add_temporary_sale_fields\migration.sql", "MS SQL", 0, 0, 6, 0, 0, 0, 0, 0, 0, 0, 0, 4, 4, 14
"c:\Users\moufa\Desktop\PoS_Patisserie\server\prisma\migrations\20250901083701_add_temporary_to_sale_status\migration.sql", "MS SQL", 0, 0, 1, 0, 0, 0, 0, 0, 0, 0, 0, 1, 1, 3
"c:\Users\moufa\Desktop\PoS_Patisserie\server\prisma\migrations\20250901085213_add_gift_statuses\migration.sql", "MS SQL", 0, 0, 1, 0, 0, 0, 0, 0, 0, 0, 0, 1, 1, 3
"c:\Users\moufa\Desktop\PoS_Patisserie\server\prisma\migrations\20250901091456_add_clients_system\migration.sql", "MS SQL", 0, 0, 66, 0, 0, 0, 0, 0, 0, 0, 0, 23, 12, 101
"c:\Users\moufa\Desktop\PoS_Patisserie\server\prisma\migrations\20250901091846_client\migration.sql", "MS SQL", 0, 0, 1, 0, 0, 0, 0, 0, 0, 0, 0, 1, 1, 3
"c:\Users\moufa\Desktop\PoS_Patisserie\server\prisma\migrations\20250901095412_add_client_age_group\migration.sql", "MS SQL", 0, 0, 1, 0, 0, 0, 0, 0, 0, 0, 0, 1, 1, 3
"c:\Users\moufa\Desktop\PoS_Patisserie\server\prisma\migrations\20250904153622_add_vrague_support\migration.sql", "MS SQL", 0, 0, 16, 0, 0, 0, 0, 0, 0, 0, 0, 4, 5, 25
"c:\Users\moufa\Desktop\PoS_Patisserie\server\prisma\migrations\20250906191718_update_vrague_to_vrac\migration.sql", "MS SQL", 0, 0, 16, 0, 0, 0, 0, 0, 0, 0, 0, 12, 6, 34
"c:\Users\moufa\Desktop\PoS_Patisserie\server\prisma\migrations\20250906214845_add_advance_payment_support\migration.sql", "MS SQL", 0, 0, 5, 0, 0, 0, 0, 0, 0, 0, 0, 2, 2, 9
"c:\Users\moufa\Desktop\PoS_Patisserie\server\prisma\migrations\20250906221101_add_notes_after_advance\migration.sql", "MS SQL", 0, 0, 1, 0, 0, 0, 0, 0, 0, 0, 0, 1, 1, 3
"c:\Users\moufa\Desktop\PoS_Patisserie\server\prisma\migrations\20250907014543_add_pin_field\migration.sql", "MS SQL", 0, 0, 33, 0, 0, 0, 0, 0, 0, 0, 0, 16, 9, 58
"c:\Users\moufa\Desktop\PoS_Patisserie\server\prisma\migrations\20250907015147_update_pin_length_to_8\migration.sql", "MS SQL", 0, 0, 1, 0, 0, 0, 0, 0, 0, 0, 0, 1, 1, 3
"c:\Users\moufa\Desktop\PoS_Patisserie\server\prisma\migrations\20250907034552_support_decimal_quantities\migration.sql", "MS SQL", 0, 0, 7, 0, 0, 0, 0, 0, 0, 0, 0, 17, 5, 29
"c:\Users\moufa\Desktop\PoS_Patisserie\server\prisma\migrations\20250908025255_add_display_index\migration.sql", "MS SQL", 0, 0, 1, 0, 0, 0, 0, 0, 0, 0, 0, 1, 1, 3
"c:\Users\moufa\Desktop\PoS_Patisserie\server\prisma\migrations\20250909155718_add_wholesale_bundle_support\migration.sql", "MS SQL", 0, 0, 12, 0, 0, 0, 0, 0, 0, 0, 0, 2, 2, 16
"c:\Users\moufa\Desktop\PoS_Patisserie\server\prisma\migrations\20250911083213_reset\migration.sql", "MS SQL", 0, 0, 6, 0, 0, 0, 0, 0, 0, 0, 0, 6, 6, 18
"c:\Users\moufa\Desktop\PoS_Patisserie\server\prisma\migrations\20250911105756_add_sale_payment_type\migration.sql", "MS SQL", 0, 0, 130, 0, 0, 0, 0, 0, 0, 0, 0, 30, 31, 191
"c:\Users\moufa\Desktop\PoS_Patisserie\server\prisma\migrations\20250911163421_add_rejection_fields_to_change_requests\migration.sql", "MS SQL", 0, 0, 2, 0, 0, 0, 0, 0, 0, 0, 0, 1, 1, 4
"c:\Users\moufa\Desktop\PoS_Patisserie\server\prisma\migrations\20250911163730_add_admin_corrected_session_status\migration.sql", "MS SQL", 0, 0, 1, 0, 0, 0, 0, 0, 0, 0, 0, 1, 1, 3
"c:\Users\moufa\Desktop\PoS_Patisserie\server\prisma\migrations\20250911172545_add_original_counted_cash\migration.sql", "MS SQL", 0, 0, 1, 0, 0, 0, 0, 0, 0, 0, 0, 1, 1, 3
"c:\Users\moufa\Desktop\PoS_Patisserie\server\prisma\migrations\20250912170210_payment_and_many_12_09\migration.sql", "MS SQL", 0, 0, 44, 0, 0, 0, 0, 0, 0, 0, 0, 10, 12, 66
"c:\Users\moufa\Desktop\PoS_Patisserie\server\prisma\migrations\20250913223910_add_customer_type_field\migration.sql", "MS SQL", 0, 0, 1, 0, 0, 0, 0, 0, 0, 0, 0, 1, 1, 3
"c:\Users\moufa\Desktop\PoS_Patisserie\server\prisma\migrations\20250913224442_update_client_depot_reference\migration.sql", "MS SQL", 0, 0, 3, 0, 0, 0, 0, 0, 0, 0, 0, 8, 2, 13
"c:\Users\moufa\Desktop\PoS_Patisserie\server\prisma\migrations\20250913231733_add_designation_legale_field\migration.sql", "MS SQL", 0, 0, 1, 0, 0, 0, 0, 0, 0, 0, 0, 1, 1, 3
"c:\Users\moufa\Desktop\PoS_Patisserie\server\prisma\migrations\20250914014017_add_invoice_system\migration.sql", "MS SQL", 0, 0, 72, 0, 0, 0, 0, 0, 0, 0, 0, 13, 16, 101
"c:\Users\moufa\Desktop\PoS_Patisserie\server\prisma\migrations\20250914040153_add_direct_creation_invoice_source\migration.sql", "MS SQL", 0, 0, 1, 0, 0, 0, 0, 0, 0, 0, 0, 1, 1, 3
"c:\Users\moufa\Desktop\PoS_Patisserie\server\prisma\migrations\20250915151458_add_purchase_price_to_products\migration.sql", "MS SQL", 0, 0, 51, 0, 0, 0, 0, 0, 0, 0, 0, 20, 17, 88
"c:\Users\moufa\Desktop\PoS_Patisserie\server\prisma\migrations\20250915151528_add_purchase_price_to_stock_document_items\migration.sql", "MS SQL", 0, 0, 1, 0, 0, 0, 0, 0, 0, 0, 0, 1, 1, 3
"c:\Users\moufa\Desktop\PoS_Patisserie\server\prisma\migrations\20250915171355_add_company_details_to_app_settings\migration.sql", "MS SQL", 0, 0, 5, 0, 0, 0, 0, 0, 0, 0, 0, 1, 1, 7
"c:\Users\moufa\Desktop\PoS_Patisserie\server\prisma\migrations\20250917051601_add_is_wholesale_to_sales\migration.sql", "MS SQL", 0, 0, 1, 0, 0, 0, 0, 0, 0, 0, 0, 1, 1, 3
"c:\Users\moufa\Desktop\PoS_Patisserie\server\prisma\migrations\20250918170133_add_temporary_fields\migration.sql", "MS SQL", 0, 0, 2, 0, 0, 0, 0, 0, 0, 0, 0, 2, 2, 6
"c:\Users\moufa\Desktop\PoS_Patisserie\server\prisma\migrations\20250918170249_add_pdf_import_source\migration.sql", "MS SQL", 0, 0, 1, 0, 0, 0, 0, 0, 0, 0, 0, 1, 1, 3
"c:\Users\moufa\Desktop\PoS_Patisserie\server\prisma\migrations\20250918174833_add_is_temporary_to_invoice\migration.sql", "MS SQL", 0, 0, 1, 0, 0, 0, 0, 0, 0, 0, 0, 7, 1, 9
"c:\Users\moufa\Desktop\PoS_Patisserie\server\prisma\migrations\20250918194938_add_supplier_debt_tracking\migration.sql", "MS SQL", 0, 0, 17, 0, 0, 0, 0, 0, 0, 0, 0, 13, 7, 37
"c:\Users\moufa\Desktop\PoS_Patisserie\server\prisma\migrations\20250920134838_add_original_sale_to_return_requests\migration.sql", "MS SQL", 0, 0, 2, 0, 0, 0, 0, 0, 0, 0, 0, 1, 1, 4
"c:\Users\moufa\Desktop\PoS_Patisserie\server\prisma\migrations\20250921120225_add_print_settings\migration.sql", "MS SQL", 0, 0, 1, 0, 0, 0, 0, 0, 0, 0, 0, 1, 1, 3
"c:\Users\moufa\Desktop\PoS_Patisserie\server\prisma\migrations\20250923221236_add_is_desktop_version\migration.sql", "MS SQL", 0, 0, 1, 0, 0, 0, 0, 0, 0, 0, 0, 1, 1, 3
"c:\Users\moufa\Desktop\PoS_Patisserie\server\prisma\migrations\20250924062039_companies\migration.sql", "MS SQL", 0, 0, 35, 0, 0, 0, 0, 0, 0, 0, 0, 3, 4, 42
"c:\Users\moufa\Desktop\PoS_Patisserie\server\prisma\migrations\20250924071122_add_company_to_invoices\migration.sql", "MS SQL", 0, 0, 2, 0, 0, 0, 0, 0, 0, 0, 0, 2, 2, 6
"c:\Users\moufa\Desktop\PoS_Patisserie\server\prisma\migrations\20250924164836_presence\migration.sql", "MS SQL", 0, 0, 52, 0, 0, 0, 0, 0, 0, 0, 0, 10, 13, 75
"c:\Users\moufa\Desktop\PoS_Patisserie\server\prisma\migrations\20250924182601_attendance\migration.sql", "MS SQL", 0, 0, 1, 0, 0, 0, 0, 0, 0, 0, 0, 1, 1, 3
"c:\Users\moufa\Desktop\PoS_Patisserie\server\prisma\migrations\20250925175627_pc_bar\migration.sql", "MS SQL", 0, 0, 1, 0, 0, 0, 0, 0, 0, 0, 0, 1, 1, 3
"c:\Users\moufa\Desktop\PoS_Patisserie\server\prisma\migrations\20250925191954_caisseproduits\migration.sql", "MS SQL", 0, 0, 1, 0, 0, 0, 0, 0, 0, 0, 0, 1, 1, 3
"c:\Users\moufa\Desktop\PoS_Patisserie\server\prisma\migrations\20250925192547_add_depot_to_produits_de_caisse\migration.sql", "MS SQL", 0, 0, 5, 0, 0, 0, 0, 0, 0, 0, 0, 11, 5, 21
"c:\Users\moufa\Desktop\PoS_Patisserie\server\prisma\migrations\20250925193044_caisse\migration.sql", "MS SQL", 0, 0, 1, 0, 0, 0, 0, 0, 0, 0, 0, 1, 1, 3
"c:\Users\moufa\Desktop\PoS_Patisserie\server\prisma\migrations\20250925195439_add_driver_model\migration.sql", "MS SQL", 0, 0, 39, 0, 0, 0, 0, 0, 0, 0, 0, 5, 8, 52
"c:\Users\moufa\Desktop\PoS_Patisserie\server\prisma\migrations\20250925195759_add_vehicles\migration.sql", "MS SQL", 0, 0, 1, 0, 0, 0, 0, 0, 0, 0, 0, 1, 1, 3
"c:\Users\moufa\Desktop\PoS_Patisserie\server\prisma\seed-expenses.js", "JavaScript", 0, 0, 0, 0, 85, 0, 0, 0, 0, 0, 0, 0, 7, 92
"c:\Users\moufa\Desktop\PoS_Patisserie\server\prisma\seed-wholesale-rules.js", "JavaScript", 0, 0, 0, 0, 60, 0, 0, 0, 0, 0, 0, 2, 8, 70
"c:\Users\moufa\Desktop\PoS_Patisserie\server\prisma\seed.js", "JavaScript", 0, 0, 0, 0, 413, 0, 0, 0, 0, 0, 0, 13, 45, 471
"c:\Users\moufa\Desktop\PoS_Patisserie\server\src\config\database.js", "JavaScript", 0, 0, 0, 0, 223, 0, 0, 0, 0, 0, 0, 0, 23, 246
"c:\Users\moufa\Desktop\PoS_Patisserie\server\src\index.js", "JavaScript", 0, 0, 0, 0, 113, 0, 0, 0, 0, 0, 0, 4, 12, 129
"c:\Users\moufa\Desktop\PoS_Patisserie\server\src\lib\audit.js", "JavaScript", 0, 0, 0, 0, 97, 0, 0, 0, 0, 0, 0, 0, 11, 108
"c:\Users\moufa\Desktop\PoS_Patisserie\server\src\lib\image-optimizer.js", "JavaScript", 0, 0, 0, 0, 110, 0, 0, 0, 0, 0, 0, 29, 21, 160
"c:\Users\moufa\Desktop\PoS_Patisserie\server\src\lib\prisma.js", "JavaScript", 0, 0, 0, 0, 12, 0, 0, 0, 0, 0, 0, 0, 4, 16
"c:\Users\moufa\Desktop\PoS_Patisserie\server\src\middleware\auth.js", "JavaScript", 0, 0, 0, 0, 144, 0, 0, 0, 0, 0, 0, 8, 28, 180
"c:\Users\moufa\Desktop\PoS_Patisserie\server\src\routes\approvals.js", "JavaScript", 0, 0, 0, 0, 99, 0, 0, 0, 0, 0, 0, 7, 20, 126
"c:\Users\moufa\Desktop\PoS_Patisserie\server\src\routes\attendance.js", "JavaScript", 0, 0, 0, 0, 85, 0, 0, 0, 0, 0, 0, 9, 14, 108
"c:\Users\moufa\Desktop\PoS_Patisserie\server\src\routes\auth.js", "JavaScript", 0, 0, 0, 0, 168, 0, 0, 0, 0, 0, 0, 0, 30, 198
"c:\Users\moufa\Desktop\PoS_Patisserie\server\src\routes\cash-statements.js", "JavaScript", 0, 0, 0, 0, 273, 0, 0, 0, 0, 0, 0, 14, 32, 319
"c:\Users\moufa\Desktop\PoS_Patisserie\server\src\routes\client-payments.js", "JavaScript", 0, 0, 0, 0, 110, 0, 0, 0, 0, 0, 0, 6, 19, 135
"c:\Users\moufa\Desktop\PoS_Patisserie\server\src\routes\client-statements.js", "JavaScript", 0, 0, 0, 0, 209, 0, 0, 0, 0, 0, 0, 16, 27, 252
"c:\Users\moufa\Desktop\PoS_Patisserie\server\src\routes\clients.js", "JavaScript", 0, 0, 0, 0, 352, 0, 0, 0, 0, 0, 0, 14, 46, 412
"c:\Users\moufa\Desktop\PoS_Patisserie\server\src\routes\companies.js", "JavaScript", 0, 0, 0, 0, 128, 0, 0, 0, 0, 0, 0, 12, 16, 156
"c:\Users\moufa\Desktop\PoS_Patisserie\server\src\routes\depots.js", "JavaScript", 0, 0, 0, 0, 104, 0, 0, 0, 0, 0, 0, 0, 18, 122
"c:\Users\moufa\Desktop\PoS_Patisserie\server\src\routes\drivers.js", "JavaScript", 0, 0, 0, 0, 161, 0, 0, 0, 0, 0, 0, 11, 28, 200
"c:\Users\moufa\Desktop\PoS_Patisserie\server\src\routes\expenses.js", "JavaScript", 0, 0, 0, 0, 585, 0, 0, 0, 0, 0, 0, 41, 85, 711
"c:\Users\moufa\Desktop\PoS_Patisserie\server\src\routes\families.js", "JavaScript", 0, 0, 0, 0, 219, 0, 0, 0, 0, 0, 0, 0, 45, 264
"c:\Users\moufa\Desktop\PoS_Patisserie\server\src\routes\inventory.js", "JavaScript", 0, 0, 0, 0, 593, 0, 0, 0, 0, 0, 0, 31, 89, 713
"c:\Users\moufa\Desktop\PoS_Patisserie\server\src\routes\invoices.js", "JavaScript", 0, 0, 0, 0, 788, 0, 0, 0, 0, 0, 0, 84, 119, 991
"c:\Users\moufa\Desktop\PoS_Patisserie\server\src\routes\pdf.js", "JavaScript", 0, 0, 0, 0, 120, 0, 0, 0, 0, 0, 0, 19, 24, 163
"c:\Users\moufa\Desktop\PoS_Patisserie\server\src\routes\products.js", "JavaScript", 0, 0, 0, 0, 794, 0, 0, 0, 0, 0, 0, 24, 143, 961
"c:\Users\moufa\Desktop\PoS_Patisserie\server\src\routes\produits-de-caisse.js", "JavaScript", 0, 0, 0, 0, 226, 0, 0, 0, 0, 0, 0, 15, 36, 277
"c:\Users\moufa\Desktop\PoS_Patisserie\server\src\routes\reports.js", "JavaScript", 0, 0, 0, 0, 1430, 0, 0, 0, 0, 0, 0, 85, 213, 1728
"c:\Users\moufa\Desktop\PoS_Patisserie\server\src\routes\returns.js", "JavaScript", 0, 0, 0, 0, 224, 0, 0, 0, 0, 0, 0, 13, 29, 266
"c:\Users\moufa\Desktop\PoS_Patisserie\server\src\routes\sales.js", "JavaScript", 0, 0, 0, 0, 842, 0, 0, 0, 0, 0, 0, 49, 133, 1024
"c:\Users\moufa\Desktop\PoS_Patisserie\server\src\routes\sessions.js", "JavaScript", 0, 0, 0, 0, 898, 0, 0, 0, 0, 0, 0, 61, 124, 1083
"c:\Users\moufa\Desktop\PoS_Patisserie\server\src\routes\settings.js", "JavaScript", 0, 0, 0, 0, 177, 0, 0, 0, 0, 0, 0, 22, 26, 225
"c:\Users\moufa\Desktop\PoS_Patisserie\server\src\routes\stock-documents.js", "JavaScript", 0, 0, 0, 0, 963, 0, 0, 0, 0, 0, 0, 30, 135, 1128
"c:\Users\moufa\Desktop\PoS_Patisserie\server\src\routes\stock.js", "JavaScript", 0, 0, 0, 0, 223, 0, 0, 0, 0, 0, 0, 0, 29, 252
"c:\Users\moufa\Desktop\PoS_Patisserie\server\src\routes\supplier-payments.js", "JavaScript", 0, 0, 0, 0, 189, 0, 0, 0, 0, 0, 0, 14, 33, 236
"c:\Users\moufa\Desktop\PoS_Patisserie\server\src\routes\suppliers.js", "JavaScript", 0, 0, 0, 0, 450, 0, 0, 0, 0, 0, 0, 32, 59, 541
"c:\Users\moufa\Desktop\PoS_Patisserie\server\src\routes\users.js", "JavaScript", 0, 0, 0, 0, 135, 0, 0, 0, 0, 0, 0, 1, 17, 153
"c:\Users\moufa\Desktop\PoS_Patisserie\server\src\routes\vehicles.js", "JavaScript", 0, 0, 0, 0, 357, 0, 0, 0, 0, 0, 0, 13, 61, 431
"c:\Users\moufa\Desktop\PoS_Patisserie\server\src\routes\wholesale-rules.js", "JavaScript", 0, 0, 0, 0, 144, 0, 0, 0, 0, 0, 0, 15, 34, 193
"c:\Users\moufa\Desktop\PoS_Patisserie\server\src\socket\handlers.js", "JavaScript", 0, 0, 0, 0, 205, 0, 0, 0, 0, 0, 0, 0, 32, 237
"c:\Users\moufa\Desktop\PoS_Patisserie\server\vitest.config.js", "JavaScript", 0, 0, 0, 0, 8, 0, 0, 0, 0, 0, 0, 0, 1, 9
"Total", "-", 52, 289, 1097, 23104, 12523, 213, 32803, 25, 1238, 21157, 37, 4036, 9234, 105808